InputID,TargetID
H001p,H002p
H001p,H005p
H001p,H009a
H001p,H009p
H001p,H010p
H001p,H011p
H001p,H012p
H001p,H013p
H001p,H014p
H001p,I121p
H002p,H001p
H002p,H009p
H002p,H010p
H002p,H011p
H002p,H012p
H002p,H013p
H002p,H014p
H002p,I105p
H002p,I121p
H002p,I124p
H003p,H001p
H003p,H004p
H003p,H005p
H003p,H006p
H003p,H007p
H003p,H008p
H003p,H009a
H003p,H009p
H003p,H012p
H003p,H028p
H004p,H003p
H004p,H005p
H004p,H006p
H004p,H007p
H004p,H008p
H004p,H009a
H004p,H017p
H004p,H023p
H004p,H028p
H004p,H032p
H005p,H001p
H005p,H003p
H005p,H004p
H005p,H006p
H005p,H007p
H005p,H008p
H005p,H009a
H005p,H009p
H005p,H012p
H005p,H028p
H006p,H003p
H006p,H004p
H006p,H007p
H006p,H008p
H006p,H017p
H006p,H019p
H006p,H023p
H006p,H024p
H006p,H028p
H006p,H032p
H007p,H003p
H007p,H004p
H007p,H005p
H007p,H006p
H007p,H008p
H007p,H009a
H007p,H009p
H007p,H023p
H007p,H028p
H007p,H032p
H008p,H003p
H008p,H004p
H008p,H005p
H008p,H007p
H008p,H009a
H008p,H009p
H008p,H012p
H008p,H028p
H008p,H035p
H008p,H036p
H009a,H001p
H009a,H002p
H009a,H003p
H009a,H004p
H009a,H005p
H009a,H007p
H009a,H008p
H009a,H009p
H009a,H010p
H009a,H012p
H009p,H001p
H009p,H003p
H009p,H005p
H009p,H008p
H009p,H009a
H009p,H010p
H009p,H012p
H009p,H014p
H009p,H035p
H009p,H036p
H010p,H001p
H010p,H002p
H010p,H009a
H010p,H009p
H010p,H011p
H010p,H012p
H010p,H013p
H010p,H014p
H010p,H036p
H010p,I121p
H011p,H001p
H011p,H002p
H011p,H010p
H011p,H012p
H011p,H013p
H011p,H014p
H011p,I121p
H011p,I122p
H011p,I124p
H011p,I152p
H012p,H001p
H012p,H008p
H012p,H009a
H012p,H009p
H012p,H010p
H012p,H011p
H012p,H013p
H012p,H014p
H012p,H036p
H012p,H039p
H013p,H001p
H013p,H002p
H013p,H010p
H013p,H011p
H013p,H012p
H013p,H014p
H013p,H041p
H013p,I121p
H013p,I124p
H013p,I152p
H014p,H010p
H014p,H011p
H014p,H012p
H014p,H013p
H014p,H036p
H014p,H040p
H014p,H041p
H014p,I121p
H014p,I124p
H014p,I152p
H015p,H016p
H015p,H018p
H015p,H044p
H015p,H045p
H015p,H046p
H015p,H048p
H015p,H050p
H015p,H053p
H015p,H057p
H015p,H060p
H016p,H006p
H016p,H015p
H016p,H017p
H016p,H018p
H016p,H019p
H016p,H023p
H016p,H024p
H016p,H053p
H016p,H054p
H016p,H057p
H017p,H004p
H017p,H006p
H017p,H016p
H017p,H018p
H017p,H019p
H017p,H023p
H017p,H024p
H017p,H028p
H017p,H054p
H017p,H057p
H018p,H015p
H018p,H016p
H018p,H017p
H018p,H019p
H018p,H023p
H018p,H024p
H018p,H053p
H018p,H054p
H018p,H057p
H018p,H060p
H019p,H006p
H019p,H016p
H019p,H017p
H019p,H018p
H019p,H023p
H019p,H024p
H019p,H028p
H019p,H054p
H019p,H057p
H019p,H063p
H023p,H004p
H023p,H006p
H023p,H007p
H023p,H016p
H023p,H017p
H023p,H019p
H023p,H024p
H023p,H028p
H023p,H032p
H023p,H054p
H024p,H006p
H024p,H017p
H024p,H018p
H024p,H019p
H024p,H023p
H024p,H028p
H024p,H032p
H024p,H054p
H024p,H063p
H024p,H064p
H028p,H004p
H028p,H006p
H028p,H007p
H028p,H008p
H028p,H019p
H028p,H023p
H028p,H024p
H028p,H032p
H028p,H063p
H028p,H065p
H032p,H006p
H032p,H007p
H032p,H008p
H032p,H023p
H032p,H024p
H032p,H028p
H032p,H035p
H032p,H063p
H032p,H065p
H032p,H066p
H035p,H008p
H035p,H009p
H035p,H012p
H035p,H032p
H035p,H036p
H035p,H039p
H035p,H040p
H035p,H065p
H035p,H068p
H035p,H069p
H036p,H008p
H036p,H009p
H036p,H012p
H036p,H013p
H036p,H014p
H036p,H035p
H036p,H039p
H036p,H040p
H036p,H068p
H036p,H069p
H039p,H012p
H039p,H014p
H039p,H035p
H039p,H036p
H039p,H040p
H039p,H065p
H039p,H068p
H039p,H069p
H039p,H071p
H039p,H072p
H040p,H014p
H040p,H035p
H040p,H036p
H040p,H039p
H040p,H041p
H040p,H068p
H040p,H069p
H040p,H071p
H040p,I152p
H040p,I153p
H041p,H013p
H041p,H014p
H041p,H040p
H041p,H069p
H041p,I121p
H041p,I124p
H041p,I152p
H041p,I153p
H041p,I154b
H041p,I184p
H042p,H043p
H042p,H049p
H042p,H051p
H042p,H076p
H042p,H081a
H042p,H081p
H042p,H082p
H042p,H084p
H042p,H087p
H042p,H088p
H043p,H042p
H043p,H045p
H043p,H046p
H043p,H049p
H043p,H051p
H043p,H084p
H043p,H087p
H043p,H088p
H043p,H091p
H043p,H100p
H044p,H015p
H044p,H045p
H044p,H046p
H044p,H048p
H044p,H049p
H044p,H050p
H044p,H051p
H044p,H053p
H044p,H091p
H044p,H092p
H045p,H015p
H045p,H044p
H045p,H046p
H045p,H048p
H045p,H049p
H045p,H050p
H045p,H051p
H045p,H053p
H045p,H091p
H045p,H092p
H046p,H015p
H046p,H043p
H046p,H044p
H046p,H045p
H046p,H048p
H046p,H049p
H046p,H050p
H046p,H051p
H046p,H091p
H046p,H092p
H048p,H015p
H048p,H044p
H048p,H045p
H048p,H046p
H048p,H050p
H048p,H053p
H048p,H060p
H048p,H092p
H048p,H103p
H048p,H108p
H049p,H042p
H049p,H043p
H049p,H044p
H049p,H045p
H049p,H046p
H049p,H050p
H049p,H051p
H049p,H084p
H049p,H091p
H049p,H092p
H050p,H015p
H050p,H044p
H050p,H045p
H050p,H046p
H050p,H048p
H050p,H049p
H050p,H051p
H050p,H053p
H050p,H091p
H050p,H092p
H051p,H043p
H051p,H044p
H051p,H045p
H051p,H046p
H051p,H049p
H051p,H050p
H051p,H084p
H051p,H091p
H051p,H092p
H051p,H100p
H053p,H015p
H053p,H016p
H053p,H018p
H053p,H044p
H053p,H045p
H053p,H048p
H053p,H050p
H053p,H057p
H053p,H060p
H053p,H103p
H054p,H016p
H054p,H017p
H054p,H018p
H054p,H019p
H054p,H024p
H054p,H057p
H054p,H060p
H054p,H063p
H054p,H064p
H054p,H106p
H057p,H016p
H057p,H018p
H057p,H019p
H057p,H024p
H057p,H048p
H057p,H053p
H057p,H054p
H057p,H060p
H057p,H103p
H057p,H106p
H060p,H018p
H060p,H048p
H060p,H053p
H060p,H054p
H060p,H057p
H060p,H103p
H060p,H106p
H060p,H108p
H060p,H109p
H060p,H113p
H063p,H019p
H063p,H024p
H063p,H028p
H063p,H032p
H063p,H054p
H063p,H064p
H063p,H066p
H063p,H106p
H063p,H115p
H063p,H116p
H064p,H024p
H064p,H054p
H064p,H063p
H064p,H066p
H064p,H106p
H064p,H113p
H064p,H114p
H064p,H115p
H064p,H116p
H064p,H117p
H065p,H028p
H065p,H032p
H065p,H035p
H065p,H039p
H065p,H063p
H065p,H066p
H065p,H068p
H065p,H069p
H065p,H072p
H065p,H116p
H066p,H024p
H066p,H028p
H066p,H032p
H066p,H063p
H066p,H064p
H066p,H065p
H066p,H068p
H066p,H115p
H066p,H116p
H066p,H117p
H068p,H032p
H068p,H035p
H068p,H036p
H068p,H039p
H068p,H040p
H068p,H065p
H068p,H066p
H068p,H069p
H068p,H071p
H068p,H072p
H069p,H012p
H069p,H014p
H069p,H035p
H069p,H036p
H069p,H039p
H069p,H040p
H069p,H041p
H069p,H068p
H069p,H071p
H069p,H072p
H071p,H039p
H071p,H040p
H071p,H041p
H071p,H068p
H071p,H069p
H071p,H072p
H071p,H118p
H071p,H119p
H071p,I153p
H071p,I184p
H072p,H035p
H072p,H039p
H072p,H040p
H072p,H065p
H072p,H068p
H072p,H069p
H072p,H071p
H072p,H116p
H072p,H118p
H072p,H119p
H075p,H076p
H075p,H077p
H075p,H079p
H075p,H080p
H075p,H081a
H075p,N001a
H075p,N001p
H075p,N003p
H075p,N004p
H075p,N005p
H076p,H042p
H076p,H075p
H076p,H077p
H076p,H079p
H076p,H080p
H076p,H081a
H076p,H081p
H076p,H082p
H076p,N005p
H076p,N006p
H077p,H075p
H077p,H076p
H077p,H079p
H077p,H080p
H077p,H081a
H077p,H081p
H077p,H082p
H077p,N004p
H077p,N005p
H077p,N006p
H079p,H075p
H079p,H076p
H079p,H077p
H079p,H080p
H079p,N001a
H079p,N004p
H079p,N005p
H079p,N006p
H079p,N008p
H079p,N009p
H080p,H075p
H080p,H076p
H080p,H077p
H080p,H079p
H080p,H081a
H080p,H081p
H080p,H082p
H080p,N004p
H080p,N005p
H080p,N006p
H081a,H042p
H081a,H075p
H081a,H076p
H081a,H077p
H081a,H079p
H081a,H080p
H081a,H081p
H081a,H082p
H081a,H087p
H081a,N006p
H081p,H042p
H081p,H076p
H081p,H077p
H081p,H079p
H081p,H080p
H081p,H081a
H081p,H082p
H081p,H087p
H081p,N006p
H081p,N013p
H082p,H076p
H082p,H080p
H082p,H081a
H082p,H081p
H082p,H087p
H082p,N006p
H082p,N011p
H082p,N012p
H082p,N013p
H082p,N014p
H084p,H042p
H084p,H043p
H084p,H049p
H084p,H051p
H084p,H087p
H084p,H088p
H084p,H091p
H084p,H100p
H084p,N014p
H084p,N015p
H087p,H042p
H087p,H082p
H087p,H084p
H087p,H088p
H087p,N010a
H087p,N012p
H087p,N013p
H087p,N014p
H087p,N015p
H087p,N016p
H088p,H042p
H088p,H043p
H088p,H084p
H088p,H087p
H088p,H100p
H088p,N013p
H088p,N014p
H088p,N015p
H088p,N016p
H088p,N022p
H091p,H043p
H091p,H045p
H091p,H046p
H091p,H049p
H091p,H050p
H091p,H051p
H091p,H084p
H091p,H092p
H091p,H100p
H091p,N020p
H092p,H045p
H092p,H046p
H092p,H048p
H092p,H050p
H092p,H051p
H092p,H091p
H092p,H100p
H092p,H101p
H092p,H108p
H092p,N020p
H100p,H051p
H100p,H084p
H100p,H088p
H100p,H091p
H100p,H092p
H100p,N014p
H100p,N015p
H100p,N016p
H100p,N020p
H100p,N022p
H101p,H091p
H101p,H092p
H101p,H100p
H101p,H103p
H101p,H108p
H101p,H109p
H101p,N020p
H101p,N025p
H101p,N029p
H101p,N065p
H103p,H048p
H103p,H053p
H103p,H057p
H103p,H060p
H103p,H101p
H103p,H106p
H103p,H108p
H103p,H109p
H103p,H113p
H103p,N029a
H106p,H054p
H106p,H057p
H106p,H060p
H106p,H063p
H106p,H064p
H106p,H103p
H106p,H109p
H106p,H113p
H106p,H114p
H106p,H115p
H108p,H048p
H108p,H050p
H108p,H060p
H108p,H091p
H108p,H092p
H108p,H101p
H108p,H103p
H108p,H109p
H108p,N029a
H108p,N029p
H109p,H057p
H109p,H060p
H109p,H101p
H109p,H103p
H109p,H106p
H109p,H108p
H109p,H113p
H109p,H114p
H109p,N029a
H109p,N029p
H113p,H060p
H113p,H064p
H113p,H103p
H113p,H106p
H113p,H109p
H113p,H114p
H113p,H115p
H113p,N029a
H113p,N032p
H113p,N036p
H114p,H063p
H114p,H064p
H114p,H106p
H114p,H113p
H114p,H115p
H114p,H116p
H114p,H117p
H114p,N032p
H114p,N033p
H114p,N036p
H115p,H063p
H115p,H064p
H115p,H066p
H115p,H106p
H115p,H113p
H115p,H114p
H115p,H116p
H115p,H117p
H115p,N032p
H115p,N033p
H116p,H063p
H116p,H064p
H116p,H065p
H116p,H066p
H116p,H072p
H116p,H114p
H116p,H115p
H116p,H117p
H116p,N033p
H116p,N035p
H117p,H064p
H117p,H066p
H117p,H114p
H117p,H115p
H117p,H116p
H117p,N032p
H117p,N033p
H117p,N035p
H117p,N038p
H117p,N039p
H118p,H068p
H118p,H071p
H118p,H072p
H118p,H116p
H118p,H119p
H118p,H123p
H118p,N035p
H118p,N041p
H118p,N042p
H118p,N044p
H119p,H040p
H119p,H071p
H119p,H072p
H119p,H118p
H119p,H123p
H119p,I184p
H119p,I223p
H119p,N041p
H119p,N042p
H119p,N043p
H123p,H119p
H123p,I223p
H123p,I224p
H123p,N042p
H123p,N043p
H123p,N047p
H123p,O002p
H123p,O004p
H123p,O005p
H123p,O077p
I103p,I104p
I103p,I105p
I103p,I106p
I103p,I107p
I103p,I121p
I103p,I122p
I103p,I124p
I103p,I125p
I103p,I126p
I103p,I152a
I104p,I103p
I104p,I105p
I104p,I106p
I104p,I107p
I104p,I108p
I104p,I109p
I104p,I122p
I104p,I125p
I104p,I127p
I104p,I129p
I105p,H002p
I105p,H011p
I105p,I103p
I105p,I104p
I105p,I106p
I105p,I121p
I105p,I122p
I105p,I124p
I105p,I125p
I105p,I126p
I106p,I103p
I106p,I104p
I106p,I105p
I106p,I107p
I106p,I122p
I106p,I125p
I106p,I126p
I106p,I127p
I106p,I129p
I106p,I152a
I107p,I103p
I107p,I104p
I107p,I106p
I107p,I108p
I107p,I109p
I107p,I125p
I107p,I127p
I107p,I128p
I107p,I129p
I107p,I130p
I108p,I103p
I108p,I104p
I108p,I106p
I108p,I107p
I108p,I109p
I108p,I110p
I108p,I127p
I108p,I128p
I108p,I130p
I108p,I131p
I109p,I104p
I109p,I107p
I109p,I108p
I109p,I110p
I109p,I127p
I109p,I128p
I109p,I129p
I109p,I130p
I109p,I131p
I109p,I133p
I110p,I108p
I110p,I109p
I110p,I127p
I110p,I128p
I110p,I130p
I110p,I131p
I110p,I133p
I110p,I134p
I110p,I135p
I110p,I137p
I112p,I134p
I112p,I135p
I112p,I136p
I112p,I137p
I112p,I138p
I112p,I140p
I112p,I161p
I112p,I162p
I112p,I165p
I112p,I166p
I115p,I112p
I115p,I116c
I115p,I138p
I115p,I140a
I115p,I140p
I115p,I141p
I115p,I142p
I115p,I143p
I115p,I144p
I115p,I168p
I116c,I115p
I116c,I138p
I116c,I140a
I116c,I140p
I116c,I141p
I116c,I142p
I116c,I143p
I116c,I144p
I116c,I145p
I116c,I168p
I120p,I147a
I120p,I148p
I120p,I149p
I120p,I151p
I120p,K203p
I120p,K221p
I120p,K222p
I120p,K223p
I120p,K224p
I120p,K225p
I121p,H002p
I121p,H010p
I121p,H011p
I121p,H013p
I121p,H014p
I121p,I105p
I121p,I122p
I121p,I124p
I121p,I152p
I121p,I154b
I122p,I103p
I122p,I105p
I122p,I106p
I122p,I121p
I122p,I124p
I122p,I125p
I122p,I126p
I122p,I152a
I122p,I152p
I122p,I154b
I124p,H011p
I124p,H013p
I124p,H014p
I124p,I105p
I124p,I121p
I124p,I122p
I124p,I125p
I124p,I126p
I124p,I152p
I124p,I154b
I125p,I105p
I125p,I106p
I125p,I122p
I125p,I124p
I125p,I126p
I125p,I129p
I125p,I152a
I125p,I154b
I125p,I154p
I125p,I155p
I126p,I122p
I126p,I124p
I126p,I125p
I126p,I129p
I126p,I152a
I126p,I152p
I126p,I154a
I126p,I154b
I126p,I154p
I126p,I155p
I127p,I104p
I127p,I106p
I127p,I107p
I127p,I108p
I127p,I109p
I127p,I128p
I127p,I129p
I127p,I130p
I127p,I131p
I127p,I156p
I128p,I108p
I128p,I109p
I128p,I110p
I128p,I127p
I128p,I130p
I128p,I131p
I128p,I133p
I128p,I134p
I128p,I156p
I128p,I157p
I129p,I106p
I129p,I125p
I129p,I126p
I129p,I127p
I129p,I130p
I129p,I131p
I129p,I152a
I129p,I154p
I129p,I155p
I129p,I156p
I130p,I109p
I130p,I127p
I130p,I128p
I130p,I129p
I130p,I131p
I130p,I133p
I130p,I155p
I130p,I156p
I130p,I157p
I130p,I158p
I131p,I109p
I131p,I110p
I131p,I127p
I131p,I128p
I131p,I129p
I131p,I130p
I131p,I133p
I131p,I134p
I131p,I156p
I131p,I157p
I133p,I109p
I133p,I110p
I133p,I128p
I133p,I130p
I133p,I131p
I133p,I134p
I133p,I135p
I133p,I157p
I133p,I159p
I133p,I160p
I134p,I110p
I134p,I128p
I134p,I131p
I134p,I133p
I134p,I135p
I134p,I136p
I134p,I137p
I134p,I157p
I134p,I160p
I134p,I161p
I135p,I133p
I135p,I134p
I135p,I136p
I135p,I137p
I135p,I159p
I135p,I160p
I135p,I161p
I135p,I162p
I135p,I163p
I135p,I164p
I136p,I112p
I136p,I134p
I136p,I135p
I136p,I137p
I136p,I160p
I136p,I161p
I136p,I162p
I136p,I164p
I136p,I165p
I136p,I166p
I137p,I112p
I137p,I134p
I137p,I135p
I137p,I136p
I137p,I140p
I137p,I160p
I137p,I161p
I137p,I162p
I137p,I165p
I137p,I166p
I138p,I112p
I138p,I115p
I138p,I116c
I138p,I137p
I138p,I140a
I138p,I140p
I138p,I143p
I138p,I162p
I138p,I166p
I138p,I168p
I140a,I115p
I140a,I116c
I140a,I138p
I140a,I140p
I140a,I141p
I140a,I142p
I140a,I143p
I140a,I144p
I140a,I168p
I140a,I171p
I140p,I112p
I140p,I137p
I140p,I138p
I140p,I140a
I140p,I162p
I140p,I165p
I140p,I166p
I140p,I168p
I140p,I169p
I140p,I170p
I141p,I116c
I141p,I140a
I141p,I142p
I141p,I143p
I141p,I144a
I141p,I144p
I141p,I145p
I141p,I146p
I141p,I150p
I141p,I173p
I142p,I116c
I142p,I140a
I142p,I141p
I142p,I143p
I142p,I144p
I142p,I145p
I142p,I146p
I142p,I171p
I142p,I173p
I142p,I174p
I143p,I140a
I143p,I141p
I143p,I142p
I143p,I144p
I143p,I145p
I143p,I146p
I143p,I168p
I143p,I171p
I143p,I173p
I143p,I174p
I144a,I141p
I144a,I142p
I144a,I144p
I144a,I145p
I144a,I146p
I144a,I147a
I144a,I148p
I144a,I150p
I144a,I173p
I144a,I177p
I144p,I141p
I144p,I142p
I144p,I143p
I144p,I144a
I144p,I145p
I144p,I146p
I144p,I150p
I144p,I171p
I144p,I173p
I144p,I174p
I145p,I141p
I145p,I142p
I145p,I143p
I145p,I144a
I145p,I144p
I145p,I146p
I145p,I150p
I145p,I171p
I145p,I173p
I145p,I174p
I146p,I141p
I146p,I142p
I146p,I144a
I146p,I144p
I146p,I145p
I146p,I147a
I146p,I150p
I146p,I173p
I146p,I174p
I146p,I177p
I147a,I120p
I147a,I141p
I147a,I144a
I147a,I144p
I147a,I146p
I147a,I148p
I147a,I149p
I147a,I150p
I147a,I151p
I147a,I177p
I148p,I120p
I148p,I144a
I148p,I147a
I148p,I149p
I148p,I150p
I148p,I151p
I148p,I177p
I148p,I180p
I148p,K203p
I148p,K223p
I149p,I120p
I149p,I147a
I149p,I148p
I149p,I150p
I149p,I151p
I149p,I180p
I149p,K203p
I149p,K222p
I149p,K223p
I149p,K247p
I150p,I144a
I150p,I144p
I150p,I145p
I150p,I146p
I150p,I147a
I150p,I148p
I150p,I151p
I150p,I173p
I150p,I177p
I150p,I181p
I151p,I120p
I151p,I147a
I151p,I148p
I151p,I149p
I151p,I150p
I151p,I177p
I151p,I180p
I151p,I181p
I151p,K223p
I151p,K247p
I152a,I122p
I152a,I124p
I152a,I125p
I152a,I126p
I152a,I129p
I152a,I152p
I152a,I154a
I152a,I154b
I152a,I154p
I152a,I155p
I152p,H011p
I152p,H013p
I152p,H014p
I152p,H041p
I152p,I121p
I152p,I122p
I152p,I124p
I152p,I126p
I152p,I153p
I152p,I154b
I153p,H014p
I153p,H040p
I153p,H041p
I153p,H071p
I153p,I124p
I153p,I152p
I153p,I154a
I153p,I154b
I153p,I184p
I153p,I185p
I154a,I125p
I154a,I126p
I154a,I152a
I154a,I154b
I154a,I154p
I154a,I155p
I154a,I156p
I154a,I185p
I154a,I186p
I154a,I189p
I154b,H041p
I154b,I124p
I154b,I125p
I154b,I126p
I154b,I152a
I154b,I152p
I154b,I153p
I154b,I154a
I154b,I154p
I154b,I185p
I154p,I125p
I154p,I126p
I154p,I129p
I154p,I152a
I154p,I154a
I154p,I154b
I154p,I155p
I154p,I156p
I154p,I185p
I154p,I186p
I155p,I125p
I155p,I126p
I155p,I129p
I155p,I152a
I155p,I154a
I155p,I154p
I155p,I156p
I155p,I158p
I155p,I186p
I155p,I189p
I156p,I127p
I156p,I129p
I156p,I130p
I156p,I131p
I156p,I152a
I156p,I154a
I156p,I154p
I156p,I155p
I156p,I158p
I156p,I189p
I157p,I130p
I157p,I131p
I157p,I133p
I157p,I135p
I157p,I156p
I157p,I158p
I157p,I159p
I157p,I160p
I157p,I163p
I157p,I190p
I158p,I130p
I158p,I155p
I158p,I156p
I158p,I157p
I158p,I159p
I158p,I186p
I158p,I189p
I158p,I190p
I158p,I192p
I158p,I193p
I159p,I133p
I159p,I157p
I159p,I158p
I159p,I160p
I159p,I163p
I159p,I164p
I159p,I190p
I159p,I193p
I159p,I195p
I159p,I196a
I160p,I133p
I160p,I135p
I160p,I136p
I160p,I157p
I160p,I159p
I160p,I161p
I160p,I163p
I160p,I164p
I160p,I195p
I160p,I196a
I161p,I135p
I161p,I136p
I161p,I137p
I161p,I160p
I161p,I162p
I161p,I163p
I161p,I164p
I161p,I165p
I161p,I166p
I161p,I196a
I162p,I135p
I162p,I136p
I162p,I137p
I162p,I140p
I162p,I161p
I162p,I164p
I162p,I165p
I162p,I166p
I162p,I169p
I162p,I198p
I163p,I135p
I163p,I157p
I163p,I159p
I163p,I160p
I163p,I161p
I163p,I164p
I163p,I190p
I163p,I195p
I163p,I196a
I163p,I200p
I164p,I135p
I164p,I159p
I164p,I160p
I164p,I161p
I164p,I162p
I164p,I163p
I164p,I165p
I164p,I195p
I164p,I196a
I164p,I200p
I165p,I135p
I165p,I136p
I165p,I140p
I165p,I161p
I165p,I162p
I165p,I164p
I165p,I166p
I165p,I169p
I165p,I198p
I165p,I204p
I166p,I112p
I166p,I136p
I166p,I137p
I166p,I140p
I166p,I161p
I166p,I162p
I166p,I165p
I166p,I169p
I166p,I198p
I166p,I204p
I168p,I138p
I168p,I140a
I168p,I140p
I168p,I142p
I168p,I143p
I168p,I169p
I168p,I170p
I168p,I171p
I168p,I206p
I168p,I209p
I169p,I140p
I169p,I162p
I169p,I165p
I169p,I166p
I169p,I170p
I169p,I198p
I169p,I203p
I169p,I204p
I169p,I205p
I169p,I251a
I170p,I140p
I170p,I168p
I170p,I169p
I170p,I171p
I170p,I204p
I170p,I205p
I170p,I206p
I170p,I208p
I170p,I209p
I170p,I251a
I171p,I142p
I171p,I143p
I171p,I144p
I171p,I145p
I171p,I168p
I171p,I173p
I171p,I174p
I171p,I206p
I171p,I209p
I171p,I210p
I173p,I144a
I173p,I144p
I173p,I145p
I173p,I146p
I173p,I150p
I173p,I171p
I173p,I174p
I173p,I175p
I173p,I177p
I173p,I210p
I174p,I143p
I174p,I144p
I174p,I145p
I174p,I146p
I174p,I171p
I174p,I173p
I174p,I175p
I174p,I209p
I174p,I210p
I174p,I212p
I175p,I146p
I175p,I173p
I175p,I174p
I175p,I177p
I175p,I181p
I175p,I210p
I175p,I212p
I175p,I213p
I175p,I214p
I175p,I215p
I177p,I144a
I177p,I145p
I177p,I146p
I177p,I150p
I177p,I151p
I177p,I173p
I177p,I174p
I177p,I175p
I177p,I181p
I177p,I215p
I180p,I149p
I180p,I151p
I180p,I181p
I180p,K223p
I180p,K244a
I180p,K244p
I180p,K247p
I180p,K249p
I180p,K250p
I180p,K279p
I181p,I150p
I181p,I151p
I181p,I175p
I181p,I177p
I181p,I180p
I181p,I214p
I181p,I215p
I181p,I216p
I181p,K247p
I181p,K279p
I184p,H041p
I184p,H071p
I184p,H119p
I184p,I153p
I184p,I154a
I184p,I154b
I184p,I154p
I184p,I185p
I184p,I187p
I184p,I223p
I185p,I153p
I185p,I154a
I185p,I154b
I185p,I154p
I185p,I155p
I185p,I184p
I185p,I186p
I185p,I187p
I185p,I188p
I185p,I223p
I186p,I154a
I186p,I154p
I186p,I155p
I186p,I185p
I186p,I187p
I186p,I188p
I186p,I189p
I186p,I192p
I186p,I225p
I186p,I228p
I187p,I154a
I187p,I184p
I187p,I185p
I187p,I186p
I187p,I188p
I187p,I223p
I187p,I224p
I187p,I225p
I187p,I227p
I187p,I228p
I188p,I186p
I188p,I187p
I188p,I189p
I188p,I192p
I188p,I225p
I188p,I227p
I188p,I228p
I188p,I229p
I188p,I233p
I188p,I235p
I189p,I154a
I189p,I155p
I189p,I156p
I189p,I158p
I189p,I186p
I189p,I188p
I189p,I190p
I189p,I192p
I189p,I228p
I189p,I229p
I190p,I157p
I190p,I158p
I190p,I159p
I190p,I163p
I190p,I189p
I190p,I192p
I190p,I193p
I190p,I195p
I190p,I196a
I190p,I229p
I192p,I158p
I192p,I186p
I192p,I188p
I192p,I189p
I192p,I190p
I192p,I193p
I192p,I228p
I192p,I229p
I192p,I233p
I192p,I237p
I193p,I190p
I193p,I192p
I193p,I195p
I193p,I228p
I193p,I229p
I193p,I231p
I193p,I237p
I193p,I239p
I193p,I240p
I193p,I244p
I195p,I159p
I195p,I163p
I195p,I164p
I195p,I190p
I195p,I193p
I195p,I196a
I195p,I200p
I195p,I201p
I195p,I231p
I195p,I240p
I196a,I159p
I196a,I160p
I196a,I161p
I196a,I163p
I196a,I164p
I196a,I195p
I196a,I200p
I196a,I201p
I196a,I240p
I196a,I242p
I198p,I162p
I198p,I164p
I198p,I165p
I198p,I166p
I198p,I169p
I198p,I203p
I198p,I204p
I198p,I205p
I198p,I243p
I198p,I251a
I200p,I164p
I200p,I195p
I200p,I196a
I200p,I201p
I200p,I231p
I200p,I240p
I200p,I241p
I200p,I242p
I200p,I244p
I200p,I248p
I201p,I195p
I201p,I196a
I201p,I200p
I201p,I231p
I201p,I240p
I201p,I241p
I201p,I242p
I201p,I244p
I201p,I245p
I201p,I248p
I203p,I169p
I203p,I198p
I203p,I204p
I203p,I205p
I203p,I242p
I203p,I243p
I203p,I248p
I203p,I249p
I203p,I251a
I203p,I251p
I204p,I165p
I204p,I169p
I204p,I170p
I204p,I198p
I204p,I203p
I204p,I205p
I204p,I206p
I204p,I243p
I204p,I251a
I204p,I251p
I205p,I169p
I205p,I170p
I205p,I198p
I205p,I203p
I205p,I204p
I205p,I206p
I205p,I208p
I205p,I251a
I205p,I252p
I205p,I253p
I206p,I168p
I206p,I169p
I206p,I170p
I206p,I171p
I206p,I204p
I206p,I205p
I206p,I208p
I206p,I209p
I206p,I253p
I206p,I258p
I208p,I170p
I208p,I205p
I208p,I206p
I208p,I209p
I208p,I212p
I208p,I253p
I208p,I254p
I208p,I256a
I208p,I257p
I208p,I258p
I209p,I170p
I209p,I171p
I209p,I173p
I209p,I174p
I209p,I175p
I209p,I206p
I209p,I208p
I209p,I210p
I209p,I212p
I209p,I258p
I210p,I171p
I210p,I173p
I210p,I174p
I210p,I175p
I210p,I209p
I210p,I212p
I210p,I213p
I210p,I214p
I210p,I258p
I210p,I259p
I212p,I174p
I212p,I175p
I212p,I209p
I212p,I210p
I212p,I213p
I212p,I214p
I212p,I258p
I212p,I259p
I212p,I260b
I212p,I262p
I213p,I175p
I213p,I210p
I213p,I212p
I213p,I214p
I213p,I215p
I213p,I259p
I213p,I260a
I213p,I260b
I213p,I262p
I213p,I265p
I214p,I175p
I214p,I181p
I214p,I212p
I214p,I213p
I214p,I215p
I214p,I259p
I214p,I260a
I214p,I260b
I214p,I265p
I214p,I272p
I215p,I175p
I215p,I177p
I215p,I181p
I215p,I213p
I215p,I214p
I215p,I216p
I215p,I265p
I215p,I268p
I215p,I272p
I215p,I274p
I216p,I181p
I216p,I214p
I216p,I215p
I216p,I265p
I216p,I268p
I216p,K247p
I216p,K249p
I216p,K279p
I216p,K286p
I216p,K287p
I223p,H123p
I223p,I184p
I223p,I185p
I223p,I187p
I223p,I188p
I223p,I224p
I223p,I225p
I223p,I227p
I223p,O002p
I223p,O007p
I224p,H123p
I224p,I187p
I224p,I223p
I224p,I225p
I224p,I227p
I224p,O002p
I224p,O005p
I224p,O006p
I224p,O007p
I224p,O011p
I225p,I186p
I225p,I187p
I225p,I188p
I225p,I223p
I225p,I224p
I225p,I227p
I225p,I228p
I225p,I233p
I225p,I235p
I225p,O007p
I227p,I187p
I227p,I188p
I227p,I224p
I227p,I225p
I227p,I233p
I227p,I235p
I227p,O002p
I227p,O007p
I227p,O011p
I227p,O014p
I228p,I186p
I228p,I188p
I228p,I189p
I228p,I192p
I228p,I193p
I228p,I225p
I228p,I229p
I228p,I233p
I228p,I235p
I228p,I237p
I229p,I188p
I229p,I190p
I229p,I192p
I229p,I193p
I229p,I228p
I229p,I231p
I229p,I233p
I229p,I235p
I229p,I237p
I229p,I239p
I231p,I193p
I231p,I200p
I231p,I201p
I231p,I239p
I231p,I240p
I231p,I241p
I231p,I244p
I231p,I245p
I231p,I246p
I231p,O017p
I233p,I188p
I233p,I192p
I233p,I225p
I233p,I227p
I233p,I228p
I233p,I229p
I233p,I235p
I233p,I237p
I233p,O014p
I233p,O016p
I235p,I188p
I235p,I225p
I235p,I227p
I235p,I228p
I235p,I229p
I235p,I233p
I235p,I237p
I235p,O014p
I235p,O016p
I235p,O018p
I237p,I193p
I237p,I228p
I237p,I229p
I237p,I233p
I237p,I235p
I237p,I239p
I237p,O014p
I237p,O016p
I237p,O017p
I237p,O018p
I239p,I193p
I239p,I231p
I239p,I237p
I239p,I240p
I239p,I244p
I239p,I245p
I239p,I246p
I239p,O017p
I239p,O018p
I239p,O019p
I240p,I193p
I240p,I195p
I240p,I200p
I240p,I201p
I240p,I231p
I240p,I239p
I240p,I241p
I240p,I242p
I240p,I244p
I240p,I245p
I241p,I201p
I241p,I240p
I241p,I242p
I241p,I243p
I241p,I244p
I241p,I245p
I241p,I246p
I241p,I248p
I241p,I249p
I241p,O022p
I242p,I200p
I242p,I201p
I242p,I240p
I242p,I241p
I242p,I243p
I242p,I246p
I242p,I248p
I242p,I249p
I242p,I250p
I242p,O022p
I243p,I203p
I243p,I241p
I243p,I242p
I243p,I248p
I243p,I249p
I243p,I250p
I243p,I251a
I243p,I251p
I243p,O022p
I243p,O023p
I244p,I200p
I244p,I201p
I244p,I231p
I244p,I239p
I244p,I240p
I244p,I241p
I244p,I245p
I244p,I246p
I244p,O017p
I244p,O019p
I245p,I201p
I245p,I231p
I245p,I239p
I245p,I240p
I245p,I241p
I245p,I244p
I245p,I246p
I245p,O017p
I245p,O019p
I245p,O031p
I246p,I231p
I246p,I241p
I246p,I242p
I246p,I244p
I246p,I245p
I246p,I248p
I246p,O017p
I246p,O022p
I246p,O023p
I246p,O031p
I248p,I200p
I248p,I201p
I248p,I241p
I248p,I242p
I248p,I243p
I248p,I246p
I248p,I249p
I248p,I250p
I248p,O022p
I248p,O023p
I249p,I203p
I249p,I241p
I249p,I242p
I249p,I243p
I249p,I248p
I249p,I250p
I249p,I251p
I249p,O022p
I249p,O023p
I249p,O028p
I250p,I243p
I250p,I248p
I250p,I249p
I250p,I251p
I250p,O022p
I250p,O023p
I250p,O028p
I250p,O030p
I250p,O036p
I250p,O039p
I251a,I203p
I251a,I204p
I251a,I205p
I251a,I243p
I251a,I249p
I251a,I251p
I251a,I252p
I251a,I253p
I251a,I255p
I251a,I256p
I251p,I203p
I251p,I243p
I251p,I249p
I251p,I250p
I251p,I251a
I251p,I252p
I251p,I255p
I251p,O028p
I251p,O039p
I251p,O040p
I252p,I205p
I252p,I251a
I252p,I251p
I252p,I253p
I252p,I254p
I252p,I255p
I252p,I256a
I252p,I256p
I252p,O040p
I252p,O041p
I253p,I205p
I253p,I208p
I253p,I252p
I253p,I254p
I253p,I255p
I253p,I256a
I253p,I256p
I253p,I257p
I253p,O041p
I253p,O044a
I254p,I252p
I254p,I253p
I254p,I256a
I254p,I256p
I254p,I257p
I254p,O041p
I254p,O044a
I254p,O044p
I254p,O045p
I254p,O046p
I255p,I251p
I255p,I252p
I255p,I254p
I255p,I256p
I255p,O039p
I255p,O040p
I255p,O041p
I255p,O042p
I255p,O044p
I255p,O049p
I256a,I252p
I256a,I253p
I256a,I254p
I256a,I256p
I256a,I257p
I256a,I261a
I256a,O041p
I256a,O044a
I256a,O045p
I256a,O046p
I256p,I252p
I256p,I253p
I256p,I254p
I256p,I255p
I256p,I256a
I256p,O040p
I256p,O041p
I256p,O044a
I256p,O044p
I256p,O045p
I257p,I208p
I257p,I253p
I257p,I254p
I257p,I256a
I257p,I258p
I257p,I261a
I257p,I263p
I257p,O044a
I257p,O046p
I257p,O059p
I258p,I208p
I258p,I209p
I258p,I212p
I258p,I256a
I258p,I257p
I258p,I259p
I258p,I261a
I258p,I262p
I258p,I263p
I258p,I264p
I259p,I212p
I259p,I213p
I259p,I258p
I259p,I260a
I259p,I260b
I259p,I262p
I259p,I263p
I259p,I264a
I259p,I264p
I259p,I265p
I260a,I213p
I260a,I214p
I260a,I259p
I260a,I260b
I260a,I262p
I260a,I264a
I260a,I264p
I260a,I265p
I260a,I272p
I260a,I273p
I260b,I212p
I260b,I213p
I260b,I259p
I260b,I260a
I260b,I262p
I260b,I263p
I260b,I264a
I260b,I264p
I260b,I265p
I260b,I273p
I261a,I254p
I261a,I256a
I261a,I257p
I261a,I258p
I261a,I263p
I261a,O044a
I261a,O046p
I261a,O059p
I261a,O060p
I261a,O061p
I262p,I212p
I262p,I258p
I262p,I259p
I262p,I260a
I262p,I260b
I262p,I261a
I262p,I263p
I262p,I264a
I262p,I264p
I262p,O060p
I263p,I257p
I263p,I258p
I263p,I259p
I263p,I261a
I263p,I262p
I263p,I264a
I263p,I264p
I263p,O059p
I263p,O060p
I263p,O061p
I264a,I259p
I264a,I260a
I264a,I260b
I264a,I262p
I264a,I263p
I264a,I264p
I264a,I273p
I264a,O060p
I264a,O062p
I264a,O063p
I264p,I258p
I264p,I259p
I264p,I260a
I264p,I260b
I264p,I262p
I264p,I263p
I264p,I264a
I264p,O060p
I264p,O062p
I264p,O063p
I265p,I213p
I265p,I214p
I265p,I215p
I265p,I259p
I265p,I260a
I265p,I260b
I265p,I264a
I265p,I272p
I265p,I273p
I265p,I274p
I268p,I215p
I268p,I216p
I268p,I265p
I268p,I272p
I268p,I274p
I268p,I275p
I268p,K279p
I268p,K286p
I268p,K287p
I268p,K322p
I272p,I214p
I272p,I215p
I272p,I260a
I272p,I260b
I272p,I264a
I272p,I265p
I272p,I268p
I272p,I273p
I272p,I274p
I272p,I275p
I273p,I214p
I273p,I260a
I273p,I260b
I273p,I264a
I273p,I264p
I273p,I265p
I273p,I268p
I273p,I272p
I273p,I274p
I273p,O063p
I274p,I214p
I274p,I215p
I274p,I216p
I274p,I260a
I274p,I265p
I274p,I268p
I274p,I272p
I274p,I273p
I274p,I275p
I274p,K322p
I275p,I268p
I275p,I272p
I275p,I273p
I275p,I274p
I275p,K286p
I275p,K287p
I275p,K321p
I275p,K322p
I275p,P002p
I275p,P004p
K189b,K189p
K189b,K201p
K189b,K203p
K189b,K204p
K189b,K205p
K189b,K221a
K189b,K221p
K189b,K222p
K189b,K224p
K189b,K226p
K189p,K189b
K189p,K201p
K189p,K203p
K189p,K204p
K189p,K205p
K189p,K221a
K189p,K221p
K189p,K222p
K189p,K224p
K189p,K226p
K192p,K189b
K192p,K189p
K192p,K204p
K192p,K205p
K192p,K207p
K192p,K209p
K192p,K233p
K192p,K234p
K192p,K235p
K192p,K237p
K196p,K235p
K196p,K237a
K196p,K237p
K196p,K240p
K196p,K241p
K196p,K242b
K196p,K273a
K196p,K273p
K196p,K275p
K196p,K276p
K201p,K189b
K201p,K189p
K201p,K203p
K201p,K204p
K201p,K221a
K201p,K221p
K201p,K222p
K201p,K224p
K201p,K225p
K201p,K226p
K203p,I120p
K203p,I148p
K203p,I149p
K203p,K221a
K203p,K221p
K203p,K222p
K203p,K223p
K203p,K224p
K203p,K225p
K203p,K244a
K204p,K189b
K204p,K189p
K204p,K192p
K204p,K201p
K204p,K205p
K204p,K207p
K204p,K209p
K204p,K221a
K204p,K226p
K204p,K227p
K205p,K189b
K205p,K189p
K205p,K192p
K205p,K201p
K205p,K204p
K205p,K207p
K205p,K209p
K205p,K221a
K205p,K226p
K205p,K233p
K207p,K192p
K207p,K204p
K207p,K205p
K207p,K209p
K207p,K233p
K207p,K234p
K207p,K235p
K207p,K237a
K207p,K237p
K207p,K274p
K209p,K189b
K209p,K192p
K209p,K204p
K209p,K205p
K209p,K207p
K209p,K226p
K209p,K233p
K209p,K234p
K209p,K235p
K209p,K296p
K221a,K201p
K221a,K203p
K221a,K221p
K221a,K222p
K221a,K224p
K221a,K225p
K221a,K226p
K221a,K227p
K221a,K244a
K221a,K245p
K221p,K201p
K221p,K203p
K221p,K221a
K221p,K222p
K221p,K223p
K221p,K224p
K221p,K225p
K221p,K226p
K221p,K227p
K221p,K244a
K222p,I120p
K222p,K203p
K222p,K221a
K222p,K221p
K222p,K223p
K222p,K224p
K222p,K225p
K222p,K226p
K222p,K244a
K222p,K244p
K223p,I120p
K223p,I149p
K223p,I180p
K223p,K203p
K223p,K221p
K223p,K222p
K223p,K224p
K223p,K225p
K223p,K244a
K223p,K247p
K224p,I120p
K224p,K201p
K224p,K203p
K224p,K221a
K224p,K221p
K224p,K222p
K224p,K223p
K224p,K225p
K224p,K226p
K224p,K244a
K225p,K221a
K225p,K221p
K225p,K222p
K225p,K223p
K225p,K224p
K225p,K226p
K225p,K244a
K225p,K244p
K225p,K245p
K225p,K246p
K226p,K201p
K226p,K221a
K226p,K221p
K226p,K222p
K226p,K224p
K226p,K225p
K226p,K227p
K226p,K244a
K226p,K245p
K226p,K246p
K227p,K221a
K227p,K221p
K227p,K225p
K227p,K226p
K227p,K244p
K227p,K245p
K227p,K246p
K227p,K248p
K227p,K260p
K227p,K282p
K233p,K192p
K233p,K204p
K233p,K205p
K233p,K207p
K233p,K209p
K233p,K234p
K233p,K235p
K233p,K274p
K233p,K292p
K233p,K296p
K234p,K207p
K234p,K209p
K234p,K233p
K234p,K235p
K234p,K237a
K234p,K237p
K234p,K273p
K234p,K274p
K234p,K296p
K234p,K304p
K235p,K192p
K235p,K207p
K235p,K233p
K235p,K234p
K235p,K237a
K235p,K237p
K235p,K273a
K235p,K273p
K235p,K274p
K235p,K304p
K237a,K235p
K237a,K237p
K237a,K240p
K237a,K241p
K237a,K273a
K237a,K273p
K237a,K274p
K237a,K307a
K237a,K307b
K237a,K307p
K237p,K196p
K237p,K234p
K237p,K235p
K237p,K237a
K237p,K240p
K237p,K241p
K237p,K273a
K237p,K273p
K237p,K307a
K237p,K307p
K240p,K196p
K240p,K237a
K240p,K237p
K240p,K241p
K240p,K242b
K240p,K273a
K240p,K273p
K240p,K275p
K240p,K276p
K240p,K277p
K241p,K237a
K241p,K240p
K241p,K242b
K241p,K273a
K241p,K273p
K241p,K275p
K241p,K276p
K241p,K277p
K241p,K307p
K241p,K312p
K242b,K196p
K242b,K240p
K242b,K241p
K242b,K275p
K242b,K276p
K242b,K277p
K242b,K278p
K242b,K312p
K242b,K317p
K242b,L314p
K244a,I180p
K244a,K222p
K244a,K223p
K244a,K225p
K244a,K244p
K244a,K245p
K244a,K246p
K244a,K247p
K244a,K248p
K244a,K250p
K244p,K225p
K244p,K244a
K244p,K245p
K244p,K246p
K244p,K247p
K244p,K248p
K244p,K249p
K244p,K250p
K244p,K280p
K244p,K281p
K245p,K225p
K245p,K227p
K245p,K244a
K245p,K244p
K245p,K246p
K245p,K248p
K245p,K260p
K245p,K281a
K245p,K281p
K245p,K282p
K246p,K225p
K246p,K227p
K246p,K244a
K246p,K244p
K246p,K245p
K246p,K248p
K246p,K250p
K246p,K281a
K246p,K281p
K246p,K282p
K247p,I151p
K247p,I180p
K247p,K223p
K247p,K244a
K247p,K244p
K247p,K248p
K247p,K249p
K247p,K250p
K247p,K279p
K247p,K280p
K248p,K244a
K248p,K244p
K248p,K245p
K248p,K246p
K248p,K247p
K248p,K249p
K248p,K250p
K248p,K280p
K248p,K281a
K248p,K281p
K249p,I180p
K249p,K244a
K249p,K244p
K249p,K247p
K249p,K248p
K249p,K250p
K249p,K279p
K249p,K280p
K249p,K286p
K249p,K287p
K250p,K244a
K250p,K244p
K250p,K246p
K250p,K247p
K250p,K248p
K250p,K249p
K250p,K279p
K250p,K280p
K250p,K281p
K250p,K288p
K260p,K227p
K260p,K245p
K260p,K246p
K260p,K248p
K260p,K281a
K260p,K281p
K260p,K282p
K260p,K291p
K260p,K292p
K260p,K331p
K273a,K237a
K273a,K237p
K273a,K241p
K273a,K273p
K273a,K307a
K273a,K307b
K273a,K307p
K273a,K311a
K273a,K312a
K273a,K312p
K273p,K235p
K273p,K237a
K273p,K237p
K273p,K240p
K273p,K241p
K273p,K273a
K273p,K307a
K273p,K307b
K273p,K307p
K273p,K312a
K274p,K234p
K274p,K235p
K274p,K237a
K274p,K273a
K274p,K273p
K274p,K304p
K274p,K307a
K274p,K307b
K274p,K307p
K274p,K340p
K275p,K240p
K275p,K241p
K275p,K242b
K275p,K273a
K275p,K273p
K275p,K276p
K275p,K277p
K275p,K307p
K275p,K311a
K275p,K312p
K276p,K240p
K276p,K241p
K276p,K273a
K276p,K275p
K276p,K277p
K276p,K307p
K276p,K311a
K276p,K312a
K276p,K312p
K276p,K353p
K277p,K241p
K277p,K242b
K277p,K275p
K277p,K276p
K277p,K278p
K277p,K311a
K277p,K312p
K277p,K317p
K277p,K353p
K277p,K358p
K278p,K242b
K278p,K277p
K278p,K317p
K278p,K360p
K278p,L312p
K278p,L314p
K278p,L315p
K278p,L352p
K278p,L413p
K278p,L414p
K279p,I180p
K279p,I216p
K279p,K247p
K279p,K248p
K279p,K249p
K279p,K250p
K279p,K280p
K279p,K286p
K279p,K287p
K279p,K288p
K280p,K244p
K280p,K248p
K280p,K249p
K280p,K250p
K280p,K279p
K280p,K281p
K280p,K286p
K280p,K287p
K280p,K288p
K280p,K321p
K281a,K244p
K281a,K245p
K281a,K246p
K281a,K248p
K281a,K250p
K281a,K260p
K281a,K280p
K281a,K281p
K281a,K282p
K281a,K288p
K281p,K244p
K281p,K245p
K281p,K246p
K281p,K248p
K281p,K250p
K281p,K260p
K281p,K280p
K281p,K281a
K281p,K282p
K281p,K288p
K282p,K227p
K282p,K245p
K282p,K246p
K282p,K248p
K282p,K260p
K282p,K281a
K282p,K281p
K282p,K288p
K282p,K291p
K282p,K331p
K286p,I216p
K286p,I268p
K286p,K249p
K286p,K250p
K286p,K279p
K286p,K280p
K286p,K287p
K286p,K288p
K286p,K321p
K286p,K322p
K287p,I216p
K287p,I268p
K287p,K249p
K287p,K250p
K287p,K279p
K287p,K280p
K287p,K286p
K287p,K288p
K287p,K321p
K287p,K322p
K288p,K248p
K288p,K250p
K288p,K279p
K288p,K280p
K288p,K281a
K288p,K281p
K288p,K286p
K288p,K287p
K288p,K321p
K288p,K322p
K291p,K227p
K291p,K260p
K291p,K281a
K291p,K281p
K291p,K282p
K291p,K292p
K291p,K296p
K291p,K330p
K291p,K331p
K291p,K338p
K292p,K233p
K292p,K260p
K292p,K281a
K292p,K282p
K292p,K291p
K292p,K296p
K292p,K331p
K292p,K338p
K292p,K341p
K292p,P022p
K296p,K233p
K296p,K234p
K296p,K260p
K296p,K291p
K296p,K292p
K296p,K331p
K296p,K338p
K296p,K340p
K296p,K341p
K296p,P022p
K304p,K234p
K304p,K273a
K304p,K273p
K304p,K274p
K304p,K307a
K304p,K307b
K304p,K307p
K304p,K312a
K304p,K340p
K304p,P025p
K307a,K237a
K307a,K273a
K307a,K273p
K307a,K274p
K307a,K304p
K307a,K307b
K307a,K307p
K307a,K311a
K307a,K312a
K307a,K312p
K307b,K273a
K307b,K273p
K307b,K274p
K307b,K304p
K307b,K307a
K307b,K307p
K307b,K311a
K307b,K312a
K307b,K312p
K307b,K353p
K307p,K237a
K307p,K273a
K307p,K273p
K307p,K276p
K307p,K307a
K307p,K307b
K307p,K311a
K307p,K312a
K307p,K312p
K307p,K353p
K311a,K273a
K311a,K275p
K311a,K276p
K311a,K307a
K311a,K307b
K311a,K307p
K311a,K312a
K311a,K312p
K311a,K353p
K311a,P041p
K312a,K273a
K312a,K273p
K312a,K276p
K312a,K307a
K312a,K307b
K312a,K307p
K312a,K311a
K312a,K312p
K312a,K353p
K312a,P041p
K312p,K273a
K312p,K275p
K312p,K276p
K312p,K277p
K312p,K307a
K312p,K307b
K312p,K307p
K312p,K311a
K312p,K312a
K312p,K353p
K317p,K276p
K317p,K277p
K317p,K278p
K317p,K358p
K317p,K360p
K317p,K361p
K317p,L352p
K317p,L413p
K317p,L414p
K317p,Q001p
K321p,I268p
K321p,I275p
K321p,K279p
K321p,K280p
K321p,K286p
K321p,K287p
K321p,K288p
K321p,K322p
K321p,K329p
K321p,P002p
K322p,I268p
K322p,I275p
K322p,K280p
K322p,K286p
K322p,K287p
K322p,K288p
K322p,K321p
K322p,K329p
K322p,P002p
K322p,P004p
K329p,K287p
K329p,K288p
K329p,K321p
K329p,K322p
K329p,K330p
K329p,K331p
K329p,P002p
K329p,P004p
K329p,P010p
K329p,P018p
K330p,K281a
K330p,K287p
K330p,K288p
K330p,K321p
K330p,K322p
K330p,K329p
K330p,K331p
K330p,P002p
K330p,P010p
K330p,P018p
K331p,K260p
K331p,K281a
K331p,K281p
K331p,K282p
K331p,K288p
K331p,K291p
K331p,K292p
K331p,K329p
K331p,K330p
K331p,P018p
K338p,K291p
K338p,K292p
K338p,K296p
K338p,K331p
K338p,K340p
K338p,K341p
K338p,P018p
K338p,P021p
K338p,P022p
K338p,P025p
K340p,K234p
K340p,K274p
K340p,K292p
K340p,K296p
K340p,K304p
K340p,K307a
K340p,K338p
K340p,K341p
K340p,P022p
K340p,P025p
K341p,K291p
K341p,K292p
K341p,K296p
K341p,K338p
K341p,K340p
K341p,P021p
K341p,P022p
K341p,P025p
K341p,P086p
K341p,P088p
K353p,K276p
K353p,K277p
K353p,K307b
K353p,K307p
K353p,K311a
K353p,K312a
K353p,K312p
K353p,K358p
K353p,P041p
K353p,P045p
K358p,K276p
K358p,K277p
K358p,K312p
K358p,K317p
K358p,K353p
K358p,K360p
K358p,K361p
K358p,L414p
K358p,P045p
K358p,Q001p
K360p,K277p
K360p,K317p
K360p,K358p
K360p,K361p
K360p,L352p
K360p,L413p
K360p,L414p
K360p,P045p
K360p,Q001p
K360p,Q002p
K361p,K278p
K361p,K317p
K361p,K358p
K361p,K360p
K361p,L352p
K361p,L413p
K361p,L414p
K361p,P045p
K361p,Q001p
K361p,Q002p
L312p,K242b
L312p,K278p
L312p,K317p
L312p,L314p
L312p,L315p
L312p,L352p
L312p,L360p
L312p,L364p
L312p,L413p
L312p,L414p
L314p,K278p
L314p,K317p
L314p,K361p
L314p,L312p
L314p,L315p
L314p,L352p
L314p,L360p
L314p,L364p
L314p,L413p
L314p,L414p
L315p,K278p
L315p,K317p
L315p,L312p
L315p,L314p
L315p,L352p
L315p,L360p
L315p,L364p
L315p,L413p
L315p,L414p
L315p,Q001p
L319p,L312p
L319p,L314p
L319p,L315p
L319p,L360p
L319p,L364p
L319p,L372p
L319p,Q003p
L319p,Q009p
L319p,Q013p
L319p,Q096c
L352p,K278p
L352p,K317p
L352p,K360p
L352p,K361p
L352p,L312p
L352p,L314p
L352p,L315p
L352p,L413p
L352p,L414p
L352p,Q001p
L360p,L312p
L360p,L314p
L360p,L315p
L360p,L319p
L360p,L352p
L360p,L364p
L360p,L372p
L360p,L413p
L360p,Q003p
L360p,Q009p
L364p,L312p
L364p,L314p
L364p,L315p
L364p,L352p
L364p,L360p
L364p,L413p
L364p,L414p
L364p,Q001p
L364p,Q003p
L364p,Q009p
L372p,L315p
L372p,L319p
L372p,L360p
L372p,L364p
L372p,Q003p
L372p,Q009p
L372p,Q013p
L372p,Q086p
L372p,Q095p
L372p,Q096c
L413p,K317p
L413p,K360p
L413p,K361p
L413p,L314p
L413p,L315p
L413p,L352p
L413p,L364p
L413p,L414p
L413p,Q001p
L413p,Q002p
L414p,K317p
L414p,K360p
L414p,K361p
L414p,L315p
L414p,L352p
L414p,L364p
L414p,L413p
L414p,Q001p
L414p,Q002p
L414p,Q003p
N001a,H075p
N001a,H079p
N001a,N001p
N001a,N003p
N001a,N004p
N001a,N007p
N001a,R002p
N001a,S007p
N001a,S008p
N001a,S009p
N001p,N001a
N001p,N003p
N001p,N004p
N001p,N007p
N001p,N048p
N001p,R002p
N001p,S007p
N001p,S008p
N001p,S009p
N001p,S012a
N003p,N001a
N003p,N001p
N003p,N004p
N003p,N005p
N003p,N007p
N003p,N008p
N003p,N048p
N003p,N049p
N003p,S008p
N003p,S009p
N004p,H079p
N004p,N001a
N004p,N001p
N004p,N003p
N004p,N005p
N004p,N007p
N004p,N008p
N004p,N009p
N004p,N049p
N004p,N051p
N005p,H077p
N005p,H079p
N005p,H080p
N005p,N003p
N005p,N004p
N005p,N006p
N005p,N007p
N005p,N008p
N005p,N009p
N005p,N049p
N006p,H077p
N006p,H079p
N006p,H080p
N006p,H082p
N006p,N005p
N006p,N009p
N006p,N010p
N006p,N011p
N006p,N012p
N006p,N050p
N007p,N001p
N007p,N003p
N007p,N004p
N007p,N005p
N007p,N008p
N007p,N009p
N007p,N048p
N007p,N049p
N007p,N051p
N007p,S009p
N008p,N003p
N008p,N004p
N008p,N005p
N008p,N006p
N008p,N007p
N008p,N009p
N008p,N049p
N008p,N050p
N008p,N051p
N008p,N053p
N009p,N004p
N009p,N005p
N009p,N006p
N009p,N007p
N009p,N008p
N009p,N010p
N009p,N049p
N009p,N050p
N009p,N053p
N009p,N056p
N010a,N011p
N010a,N012p
N010a,N013p
N010a,N014p
N010a,N016p
N010a,N017p
N010a,N057p
N010a,N059p
N010a,N062p
N010a,N063p
N010p,N005p
N010p,N006p
N010p,N008p
N010p,N009p
N010p,N010a
N010p,N011p
N010p,N012p
N010p,N050p
N010p,N053p
N010p,N057p
N011p,H082p
N011p,N006p
N011p,N009p
N011p,N010a
N011p,N010p
N011p,N012p
N011p,N013p
N011p,N050p
N011p,N057p
N011p,N059p
N012p,H082p
N012p,H087p
N012p,N006p
N012p,N010a
N012p,N010p
N012p,N011p
N012p,N013p
N012p,N014p
N012p,N017p
N012p,N057p
N013p,H082p
N013p,H087p
N013p,H088p
N013p,N010a
N013p,N011p
N013p,N012p
N013p,N014p
N013p,N015p
N013p,N016p
N013p,N017p
N014p,H087p
N014p,H088p
N014p,H100p
N014p,N010a
N014p,N012p
N014p,N013p
N014p,N015p
N014p,N016p
N014p,N017p
N014p,N022p
N015p,H084p
N015p,H087p
N015p,H088p
N015p,H100p
N015p,N013p
N015p,N014p
N015p,N016p
N015p,N017p
N015p,N020p
N015p,N022p
N016p,H088p
N016p,N010a
N016p,N012p
N016p,N013p
N016p,N014p
N016p,N015p
N016p,N017p
N016p,N022p
N016p,N059p
N016p,N062p
N017p,N010a
N017p,N012p
N017p,N013p
N017p,N014p
N017p,N015p
N017p,N016p
N017p,N022p
N017p,N059p
N017p,N062p
N017p,N063p
N020p,H088p
N020p,H091p
N020p,H092p
N020p,H100p
N020p,H101p
N020p,N015p
N020p,N016p
N020p,N022p
N020p,N025p
N020p,N065p
N022p,H088p
N022p,H100p
N022p,N010a
N022p,N014p
N022p,N015p
N022p,N016p
N022p,N017p
N022p,N020p
N022p,N025p
N022p,N062p
N025p,H100p
N025p,H101p
N025p,N016p
N025p,N020p
N025p,N022p
N025p,N029p
N025p,N062p
N025p,N065p
N025p,N066p
N025p,N067p
N029a,H101p
N029a,H103p
N029a,H106p
N029a,H108p
N029a,H109p
N029a,H113p
N029a,N029p
N029a,N066p
N029a,N069p
N029a,N070p
N029p,H101p
N029p,H108p
N029p,H109p
N029p,N025p
N029p,N029a
N029p,N065p
N029p,N066p
N029p,N069p
N029p,N070p
N029p,N072p
N032p,H106p
N032p,H113p
N032p,H114p
N032p,H115p
N032p,H117p
N032p,N033p
N032p,N036p
N032p,N038p
N032p,N074p
N032p,N078p
N033p,H114p
N033p,H115p
N033p,H116p
N033p,H117p
N033p,N032p
N033p,N035p
N033p,N036p
N033p,N038p
N033p,N039p
N033p,N040p
N035p,H116p
N035p,H117p
N035p,H118p
N035p,N033p
N035p,N038p
N035p,N039p
N035p,N040p
N035p,N041p
N035p,N044p
N035p,N045p
N036p,H113p
N036p,H114p
N036p,H115p
N036p,N032p
N036p,N033p
N036p,N069p
N036p,N074p
N036p,N076p
N036p,N078p
N036p,N079p
N038p,H117p
N038p,N033p
N038p,N035p
N038p,N039p
N038p,N040p
N038p,N041p
N038p,N044p
N038p,N045p
N038p,N078p
N038p,N081p
N039p,N033p
N039p,N035p
N039p,N038p
N039p,N040p
N039p,N041p
N039p,N044p
N039p,N045p
N039p,N078p
N039p,N081p
N039p,N087p
N040p,N035p
N040p,N038p
N040p,N039p
N040p,N041p
N040p,N044p
N040p,N045p
N040p,N078p
N040p,N081p
N040p,N084p
N040p,N087p
N041p,H118p
N041p,N035p
N041p,N038p
N041p,N039p
N041p,N040p
N041p,N042p
N041p,N043p
N041p,N044p
N041p,N045p
N041p,N047p
N042p,H118p
N042p,H119p
N042p,H123p
N042p,N041p
N042p,N043p
N042p,N044p
N042p,N045p
N042p,N047p
N042p,N084p
N042p,O004p
N043p,H123p
N043p,N041p
N043p,N042p
N043p,N045p
N043p,N047p
N043p,N084p
N043p,N085p
N043p,N091p
N043p,O004p
N043p,O081p
N044p,N035p
N044p,N038p
N044p,N039p
N044p,N040p
N044p,N041p
N044p,N042p
N044p,N045p
N044p,N047p
N044p,N084p
N044p,N087p
N045p,N039p
N045p,N040p
N045p,N041p
N045p,N042p
N045p,N043p
N045p,N044p
N045p,N047p
N045p,N084p
N045p,N085p
N045p,N087p
N047p,N041p
N047p,N042p
N047p,N043p
N047p,N044p
N047p,N045p
N047p,N084p
N047p,N085p
N047p,N091p
N047p,O004p
N047p,O081p
N048p,N003p
N048p,N007p
N048p,N049p
N048p,N051p
N048p,N054p
N048p,S009p
N048p,S010p
N048p,S012a
N048p,S014a
N048p,S015p
N049p,N003p
N049p,N004p
N049p,N005p
N049p,N007p
N049p,N008p
N049p,N009p
N049p,N048p
N049p,N051p
N049p,N053p
N049p,N056p
N050p,N006p
N050p,N008p
N050p,N009p
N050p,N010p
N050p,N011p
N050p,N049p
N050p,N053p
N050p,N056p
N050p,N057p
N050p,N060p
N051p,N003p
N051p,N007p
N051p,N008p
N051p,N048p
N051p,N049p
N051p,N054p
N051p,N055p
N051p,N056p
N051p,N092p
N051p,S015p
N053p,N008p
N053p,N009p
N053p,N010p
N053p,N049p
N053p,N050p
N053p,N055p
N053p,N056p
N053p,N060p
N053p,N093p
N053p,N094p
N054p,N048p
N054p,N051p
N054p,N055p
N054p,N092p
N054p,N095p
N054p,S014a
N054p,S015p
N054p,S019p
N054p,S020a
N054p,S020p
N055p,N051p
N055p,N053p
N055p,N054p
N055p,N056p
N055p,N092p
N055p,N093p
N055p,N095p
N055p,N096p
N055p,N098p
N055p,N099p
N056p,N049p
N056p,N051p
N056p,N053p
N056p,N055p
N056p,N092p
N056p,N093p
N056p,N094p
N056p,N095p
N056p,N096p
N056p,N098p
N057p,N010a
N057p,N010p
N057p,N011p
N057p,N012p
N057p,N017p
N057p,N050p
N057p,N053p
N057p,N059p
N057p,N060p
N057p,N061p
N059p,N010a
N059p,N011p
N059p,N016p
N059p,N017p
N059p,N057p
N059p,N060p
N059p,N061p
N059p,N062p
N059p,N063p
N059p,N104p
N060p,N050p
N060p,N053p
N060p,N057p
N060p,N061p
N060p,N093p
N060p,N094p
N060p,N097p
N060p,N100p
N060p,N102p
N060p,N103p
N061p,N057p
N061p,N059p
N061p,N060p
N061p,N063p
N061p,N094p
N061p,N097p
N061p,N102p
N061p,N103p
N061p,N104p
N061p,N105p
N062p,N010a
N062p,N016p
N062p,N017p
N062p,N022p
N062p,N025p
N062p,N059p
N062p,N063p
N062p,N067p
N062p,N107p
N062p,N111p
N063p,N010a
N063p,N016p
N063p,N017p
N063p,N057p
N063p,N059p
N063p,N061p
N063p,N062p
N063p,N104p
N063p,N106p
N063p,N107p
N065p,H101p
N065p,N020p
N065p,N025p
N065p,N029p
N065p,N066p
N065p,N067p
N065p,N070p
N065p,N072p
N065p,N114p
N065p,N119p
N066p,N025p
N066p,N029p
N066p,N065p
N066p,N067p
N066p,N069p
N066p,N070p
N066p,N072p
N066p,N114p
N066p,N117p
N066p,N119p
N067p,N025p
N067p,N062p
N067p,N065p
N067p,N066p
N067p,N111p
N067p,N112p
N067p,N113p
N067p,N114p
N067p,N115p
N067p,N116p
N069p,N029a
N069p,N029p
N069p,N032p
N069p,N036p
N069p,N066p
N069p,N070p
N069p,N072p
N069p,N074p
N069p,N075p
N069p,N076p
N070p,N029a
N070p,N029p
N070p,N065p
N070p,N066p
N070p,N069p
N070p,N072p
N070p,N075p
N070p,N117p
N070p,N119p
N070p,N123p
N072p,N066p
N072p,N069p
N072p,N070p
N072p,N074p
N072p,N075p
N072p,N117p
N072p,N119p
N072p,N123p
N072p,N124p
N072p,N125p
N074p,N032p
N074p,N036p
N074p,N069p
N074p,N075p
N074p,N076p
N074p,N078p
N074p,N079p
N074p,N124p
N074p,N129p
N074p,N130p
N075p,N069p
N075p,N070p
N075p,N072p
N075p,N074p
N075p,N076p
N075p,N079p
N075p,N119p
N075p,N123p
N075p,N124p
N075p,N129p
N076p,N036p
N076p,N069p
N076p,N074p
N076p,N075p
N076p,N078p
N076p,N079p
N076p,N124p
N076p,N129p
N076p,N130p
N076p,N131p
N078p,N032p
N078p,N036p
N078p,N038p
N078p,N039p
N078p,N040p
N078p,N074p
N078p,N076p
N078p,N079p
N078p,N081p
N078p,N131p
N079p,N036p
N079p,N074p
N079p,N075p
N079p,N076p
N079p,N078p
N079p,N081p
N079p,N124p
N079p,N129p
N079p,N130p
N079p,N131p
N081p,N039p
N081p,N040p
N081p,N078p
N081p,N079p
N081p,N087p
N081p,N131p
N081p,N132p
N081p,N137p
N081p,N139p
N081p,N143p
N084p,N043p
N084p,N044p
N084p,N045p
N084p,N047p
N084p,N085p
N084p,N087p
N084p,N091p
N084p,N139p
N084p,N141p
N084p,N142p
N085p,N043p
N085p,N045p
N085p,N047p
N085p,N084p
N085p,N091p
N085p,N141p
N085p,O004p
N085p,O081p
N085p,O082p
N085p,O179p
N087p,N040p
N087p,N045p
N087p,N081p
N087p,N084p
N087p,N131p
N087p,N132p
N087p,N137p
N087p,N139p
N087p,N142p
N087p,N143p
N091p,N043p
N091p,N047p
N091p,N084p
N091p,N085p
N091p,N141p
N091p,N142p
N091p,O004p
N091p,O081p
N091p,O082p
N091p,O179p
N092p,N051p
N092p,N054p
N092p,N055p
N092p,N056p
N092p,N093p
N092p,N095p
N092p,N096p
N092p,N098p
N092p,N099p
N092p,S020a
N093p,N055p
N093p,N056p
N093p,N092p
N093p,N094p
N093p,N095p
N093p,N096p
N093p,N097p
N093p,N098p
N093p,N099p
N093p,N100p
N094p,N053p
N094p,N056p
N094p,N060p
N094p,N093p
N094p,N096p
N094p,N097p
N094p,N098p
N094p,N099p
N094p,N100p
N094p,N102p
N095p,N054p
N095p,N055p
N095p,N056p
N095p,N092p
N095p,N093p
N095p,N096p
N095p,N098p
N095p,N099p
N095p,N148p
N095p,S020a
N096p,N055p
N096p,N056p
N096p,N092p
N096p,N093p
N096p,N094p
N096p,N095p
N096p,N097p
N096p,N098p
N096p,N099p
N096p,N100p
N097p,N060p
N097p,N093p
N097p,N094p
N097p,N096p
N097p,N098p
N097p,N099p
N097p,N100p
N097p,N102p
N097p,N103p
N097p,N108p
N098p,N055p
N098p,N092p
N098p,N093p
N098p,N094p
N098p,N095p
N098p,N096p
N098p,N097p
N098p,N099p
N098p,N100p
N098p,N101p
N099p,N093p
N099p,N094p
N099p,N095p
N099p,N096p
N099p,N097p
N099p,N098p
N099p,N100p
N099p,N101p
N099p,N102p
N099p,N149p
N100p,N093p
N100p,N094p
N100p,N096p
N100p,N097p
N100p,N098p
N100p,N099p
N100p,N101p
N100p,N102p
N100p,N108p
N100p,N149p
N101p,N096p
N101p,N097p
N101p,N098p
N101p,N099p
N101p,N100p
N101p,N102p
N101p,N148p
N101p,N149p
N101p,N150p
N101p,N151p
N102p,N060p
N102p,N061p
N102p,N094p
N102p,N097p
N102p,N099p
N102p,N100p
N102p,N101p
N102p,N103p
N102p,N105p
N102p,N108p
N103p,N060p
N103p,N061p
N103p,N094p
N103p,N097p
N103p,N100p
N103p,N102p
N103p,N104p
N103p,N105p
N103p,N106p
N103p,N108p
N104p,N059p
N104p,N061p
N104p,N063p
N104p,N102p
N104p,N103p
N104p,N105p
N104p,N106p
N104p,N107p
N104p,N108p
N104p,N109p
N105p,N061p
N105p,N097p
N105p,N102p
N105p,N103p
N105p,N104p
N105p,N106p
N105p,N108p
N105p,N109p
N105p,N155p
N105p,N156p
N106p,N103p
N106p,N104p
N106p,N105p
N106p,N107p
N106p,N108p
N106p,N109p
N106p,N110p
N106p,N156p
N106p,N157p
N106p,N158p
N107p,N063p
N107p,N104p
N107p,N106p
N107p,N109p
N107p,N110p
N107p,N111p
N107p,N112p
N107p,N157p
N107p,N158p
N107p,N161p
N108p,N097p
N108p,N100p
N108p,N101p
N108p,N102p
N108p,N103p
N108p,N105p
N108p,N149p
N108p,N154p
N108p,N155p
N108p,N156p
N109p,N104p
N109p,N105p
N109p,N106p
N109p,N107p
N109p,N110p
N109p,N155p
N109p,N156p
N109p,N157p
N109p,N158p
N109p,N159p
N110p,N106p
N110p,N107p
N110p,N109p
N110p,N111p
N110p,N112p
N110p,N157p
N110p,N158p
N110p,N159p
N110p,N160p
N110p,N161p
N111p,N067p
N111p,N107p
N111p,N110p
N111p,N112p
N111p,N113p
N111p,N114p
N111p,N115p
N111p,N116p
N111p,N161p
N111p,N162p
N112p,N107p
N112p,N110p
N112p,N111p
N112p,N113p
N112p,N114p
N112p,N115p
N112p,N116p
N112p,N159p
N112p,N161p
N112p,N162p
N113p,N107p
N113p,N110p
N113p,N111p
N113p,N112p
N113p,N114p
N113p,N115p
N113p,N116p
N113p,N159p
N113p,N161p
N113p,N162p
N114p,N066p
N114p,N067p
N114p,N111p
N114p,N112p
N114p,N113p
N114p,N115p
N114p,N116p
N114p,N117p
N114p,N119p
N114p,N162p
N115p,N067p
N115p,N111p
N115p,N112p
N115p,N113p
N115p,N114p
N115p,N116p
N115p,N117p
N115p,N119p
N115p,N161p
N115p,N162p
N116p,N067p
N116p,N111p
N116p,N112p
N116p,N113p
N116p,N114p
N116p,N115p
N116p,N117p
N116p,N119p
N116p,N125p
N116p,N162p
N117p,N066p
N117p,N072p
N117p,N113p
N117p,N114p
N117p,N115p
N117p,N116p
N117p,N119p
N117p,N123p
N117p,N125p
N117p,N162p
N119p,N066p
N119p,N070p
N119p,N072p
N119p,N075p
N119p,N114p
N119p,N115p
N119p,N116p
N119p,N117p
N119p,N123p
N119p,N125p
N123p,N070p
N123p,N072p
N123p,N075p
N123p,N076p
N123p,N116p
N123p,N117p
N123p,N119p
N123p,N124p
N123p,N125p
N123p,N129p
N124p,N072p
N124p,N074p
N124p,N075p
N124p,N076p
N124p,N079p
N124p,N123p
N124p,N125p
N124p,N129p
N124p,N130p
N124p,N131p
N125p,N072p
N125p,N075p
N125p,N114p
N125p,N115p
N125p,N116p
N125p,N117p
N125p,N119p
N125p,N123p
N125p,N124p
N125p,N162p
N129p,N074p
N129p,N075p
N129p,N076p
N129p,N079p
N129p,N123p
N129p,N124p
N129p,N125p
N129p,N130p
N129p,N131p
N129p,N132p
N130p,N074p
N130p,N076p
N130p,N078p
N130p,N079p
N130p,N081p
N130p,N124p
N130p,N129p
N130p,N131p
N130p,N132p
N130p,N137p
N131p,N074p
N131p,N076p
N131p,N078p
N131p,N079p
N131p,N081p
N131p,N087p
N131p,N129p
N131p,N130p
N131p,N132p
N131p,N137p
N132p,N078p
N132p,N079p
N132p,N081p
N132p,N087p
N132p,N130p
N132p,N131p
N132p,N137p
N132p,N139p
N132p,N143p
N132p,N144p
N137p,N081p
N137p,N087p
N137p,N131p
N137p,N132p
N137p,N139p
N137p,N141p
N137p,N142p
N137p,N143p
N137p,N144p
N137p,N146p
N139p,N081p
N139p,N084p
N139p,N087p
N139p,N132p
N139p,N137p
N139p,N141p
N139p,N142p
N139p,N143p
N139p,N144p
N139p,N146p
N141p,N084p
N141p,N085p
N141p,N091p
N141p,N139p
N141p,N142p
N141p,N143p
N141p,N144p
N141p,N146p
N141p,O081p
N141p,O179p
N142p,N084p
N142p,N085p
N142p,N087p
N142p,N091p
N142p,N137p
N142p,N139p
N142p,N141p
N142p,N143p
N142p,N144p
N142p,N146p
N143p,N081p
N143p,N084p
N143p,N087p
N143p,N132p
N143p,N137p
N143p,N139p
N143p,N141p
N143p,N142p
N143p,N144p
N143p,N146p
N144p,N084p
N144p,N087p
N144p,N091p
N144p,N137p
N144p,N139p
N144p,N141p
N144p,N142p
N144p,N143p
N144p,N146p
N144p,O179p
N146p,N085p
N146p,N091p
N146p,N137p
N146p,N139p
N146p,N141p
N146p,N142p
N146p,N143p
N146p,N144p
N146p,O179p
N146p,O190p
N148p,N092p
N148p,N095p
N148p,N096p
N148p,N098p
N148p,N099p
N148p,N100p
N148p,N101p
N148p,N149p
N148p,N150p
N148p,N151p
N149p,N099p
N149p,N100p
N149p,N101p
N149p,N108p
N149p,N148p
N149p,N150p
N149p,N151p
N149p,N153p
N149p,N154p
N149p,N155p
N150p,N095p
N150p,N096p
N150p,N098p
N150p,N099p
N150p,N100p
N150p,N101p
N150p,N148p
N150p,N149p
N150p,N151p
N150p,N153p
N151p,N099p
N151p,N100p
N151p,N101p
N151p,N108p
N151p,N148p
N151p,N149p
N151p,N150p
N151p,N153p
N151p,N154p
N151p,N155p
N153p,N101p
N153p,N102p
N153p,N108p
N153p,N148p
N153p,N149p
N153p,N150p
N153p,N151p
N153p,N154p
N153p,N155p
N153p,N160a
N154p,N101p
N154p,N102p
N154p,N105p
N154p,N108p
N154p,N149p
N154p,N151p
N154p,N153p
N154p,N155p
N154p,N156p
N154p,N160a
N155p,N102p
N155p,N105p
N155p,N108p
N155p,N109p
N155p,N149p
N155p,N153p
N155p,N154p
N155p,N156p
N155p,N157p
N155p,N160a
N156p,N105p
N156p,N106p
N156p,N108p
N156p,N109p
N156p,N110p
N156p,N155p
N156p,N157p
N156p,N158p
N156p,N160a
N156p,N160p
N157p,N106p
N157p,N107p
N157p,N109p
N157p,N110p
N157p,N155p
N157p,N156p
N157p,N158p
N157p,N159p
N157p,N160a
N157p,N160p
N158p,N106p
N158p,N107p
N158p,N109p
N158p,N110p
N158p,N156p
N158p,N157p
N158p,N159p
N158p,N160a
N158p,N160p
N158p,N161p
N159p,N109p
N159p,N110p
N159p,N112p
N159p,N113p
N159p,N156p
N159p,N157p
N159p,N158p
N159p,N160p
N159p,N161p
N159p,N162p
N160a,N108p
N160a,N109p
N160a,N153p
N160a,N154p
N160a,N155p
N160a,N156p
N160a,N157p
N160a,N158p
N160a,N159p
N160a,N160p
N160p,N109p
N160p,N110p
N160p,N112p
N160p,N156p
N160p,N157p
N160p,N158p
N160p,N159p
N160p,N160a
N160p,N161p
N160p,N162p
N161p,N107p
N161p,N110p
N161p,N111p
N161p,N112p
N161p,N113p
N161p,N157p
N161p,N158p
N161p,N159p
N161p,N160p
N161p,N162p
N162p,N110p
N162p,N111p
N162p,N112p
N162p,N113p
N162p,N114p
N162p,N115p
N162p,N116p
N162p,N159p
N162p,N160p
N162p,N161p
O002p,I223p
O002p,I224p
O002p,I227p
O002p,O005p
O002p,O006p
O002p,O007p
O002p,O011p
O002p,O012p
O002p,O077p
O002p,O080p
O004p,H123p
O004p,N043p
O004p,N047p
O004p,N085p
O004p,N091p
O004p,O002p
O004p,O005p
O004p,O077p
O004p,O081p
O004p,O082p
O005p,I224p
O005p,O002p
O005p,O004p
O005p,O006p
O005p,O007p
O005p,O011p
O005p,O012p
O005p,O077p
O005p,O080p
O005p,O081p
O006p,I224p
O006p,I227p
O006p,O002p
O006p,O005p
O006p,O007p
O006p,O011p
O006p,O012p
O006p,O077p
O006p,O080p
O006p,O098p
O007p,I223p
O007p,I224p
O007p,I225p
O007p,I227p
O007p,O002p
O007p,O005p
O007p,O006p
O007p,O011p
O007p,O012p
O007p,O014p
O011p,I227p
O011p,O002p
O011p,O005p
O011p,O006p
O011p,O007p
O011p,O012p
O011p,O014p
O011p,O080p
O011p,O084p
O011p,O098p
O012p,O002p
O012p,O005p
O012p,O006p
O012p,O007p
O012p,O011p
O012p,O077p
O012p,O080p
O012p,O083p
O012p,O084p
O012p,O098p
O014p,I227p
O014p,I233p
O014p,I235p
O014p,I237p
O014p,O007p
O014p,O011p
O014p,O016p
O014p,O018p
O014p,O019a
O014p,O084p
O016p,I233p
O016p,I235p
O016p,I237p
O016p,I239p
O016p,O014p
O016p,O018p
O016p,O019a
O016p,O019p
O016p,O084p
O016p,O085p
O017p,I231p
O017p,I239p
O017p,I244p
O017p,I245p
O017p,I246p
O017p,O018p
O017p,O019p
O017p,O020p
O017p,O031p
O017p,O033p
O018p,I237p
O018p,O016p
O018p,O017p
O018p,O019a
O018p,O019p
O018p,O020p
O018p,O033p
O018p,O085p
O018p,O090p
O018p,O091p
O019a,O014p
O019a,O016p
O019a,O018p
O019a,O019p
O019a,O084p
O019a,O085p
O019a,O086p
O019a,O090p
O019a,O091p
O019a,O097p
O019p,I239p
O019p,I245p
O019p,O017p
O019p,O018p
O019p,O020p
O019p,O031p
O019p,O033p
O019p,O085p
O019p,O086p
O019p,O091p
O020p,O017p
O020p,O018p
O020p,O019p
O020p,O031p
O020p,O033p
O020p,O085p
O020p,O086p
O020p,O090p
O020p,O091p
O020p,O104p
O022p,I241p
O022p,I246p
O022p,I248p
O022p,I249p
O022p,I250p
O022p,O023p
O022p,O028p
O022p,O030p
O022p,O031p
O022p,O036p
O023p,I241p
O023p,I246p
O023p,I248p
O023p,I249p
O023p,I250p
O023p,O022p
O023p,O028p
O023p,O030p
O023p,O031p
O023p,O036p
O028p,I249p
O028p,I250p
O028p,O022p
O028p,O023p
O028p,O030p
O028p,O036p
O028p,O039p
O028p,O040p
O028p,O042p
O028p,O047p
O030p,I250p
O030p,O022p
O030p,O023p
O030p,O028p
O030p,O036p
O030p,O039p
O030p,O040p
O030p,O042p
O030p,O047p
O030p,O106p
O031p,I246p
O031p,O017p
O031p,O019p
O031p,O020p
O031p,O022p
O031p,O023p
O031p,O033p
O031p,O086p
O031p,O104p
O031p,O106p
O033p,I246p
O033p,O017p
O033p,O018p
O033p,O019p
O033p,O020p
O033p,O031p
O033p,O085p
O033p,O086p
O033p,O091p
O033p,O104p
O036p,I250p
O036p,O022p
O036p,O023p
O036p,O028p
O036p,O030p
O036p,O047p
O036p,O106p
O036p,O113p
O036p,O115p
O036p,O117p
O039p,I251p
O039p,I255p
O039p,O028p
O039p,O030p
O039p,O040p
O039p,O042p
O039p,O044p
O039p,O047p
O039p,O048p
O039p,O049p
O040p,I251p
O040p,I255p
O040p,I256p
O040p,O028p
O040p,O039p
O040p,O041p
O040p,O042p
O040p,O044p
O040p,O048p
O040p,O049p
O041p,I252p
O041p,I254p
O041p,I255p
O041p,I256a
O041p,I256p
O041p,O040p
O041p,O044a
O041p,O044p
O041p,O045p
O041p,O055p
O042p,I255p
O042p,O028p
O042p,O030p
O042p,O039p
O042p,O040p
O042p,O044p
O042p,O047p
O042p,O048p
O042p,O049p
O042p,O053p
O044a,I254p
O044a,I256a
O044a,I256p
O044a,O041p
O044a,O044p
O044a,O045p
O044a,O046p
O044a,O052p
O044a,O055p
O044a,O056p
O044p,I256p
O044p,O040p
O044p,O041p
O044p,O044a
O044p,O045p
O044p,O046p
O044p,O049p
O044p,O053p
O044p,O054p
O044p,O055p
O045p,I256a
O045p,O041p
O045p,O044a
O045p,O044p
O045p,O046p
O045p,O052p
O045p,O053p
O045p,O054p
O045p,O055p
O045p,O056p
O046p,I256a
O046p,I261a
O046p,O044a
O046p,O044p
O046p,O045p
O046p,O052p
O046p,O055p
O046p,O056p
O046p,O059p
O046p,O064p
O047p,O028p
O047p,O030p
O047p,O039p
O047p,O040p
O047p,O042p
O047p,O048p
O047p,O049p
O047p,O053p
O047p,O117p
O047p,O133p
O048p,O039p
O048p,O040p
O048p,O042p
O048p,O044p
O048p,O047p
O048p,O049p
O048p,O053p
O048p,O054p
O048p,O055p
O048p,O133p
O049p,O039p
O049p,O040p
O049p,O042p
O049p,O044p
O049p,O047p
O049p,O048p
O049p,O053p
O049p,O054p
O049p,O055p
O049p,O133p
O052p,O044a
O052p,O044p
O052p,O045p
O052p,O046p
O052p,O054p
O052p,O055p
O052p,O056p
O052p,O059p
O052p,O061p
O052p,O064p
O053p,O041p
O053p,O042p
O053p,O044p
O053p,O045p
O053p,O047p
O053p,O048p
O053p,O049p
O053p,O054p
O053p,O055p
O053p,O133p
O054p,O044a
O054p,O044p
O054p,O045p
O054p,O048p
O054p,O049p
O054p,O052p
O054p,O053p
O054p,O055p
O054p,O056p
O054p,O133p
O055p,O044a
O055p,O044p
O055p,O045p
O055p,O046p
O055p,O049p
O055p,O052p
O055p,O053p
O055p,O054p
O055p,O056p
O055p,O064p
O056p,O044a
O056p,O044p
O056p,O045p
O056p,O046p
O056p,O052p
O056p,O053p
O056p,O054p
O056p,O055p
O056p,O059p
O056p,O064p
O059p,I261a
O059p,I263p
O059p,O046p
O059p,O052p
O059p,O056p
O059p,O060p
O059p,O061p
O059p,O064p
O059p,O065p
O059p,O147p
O060p,I261a
O060p,I262p
O060p,I263p
O060p,I264a
O060p,I264p
O060p,O059p
O060p,O061p
O060p,O062p
O060p,O065p
O060p,O147p
O061p,I261a
O061p,I263p
O061p,O052p
O061p,O059p
O061p,O060p
O061p,O062p
O061p,O064p
O061p,O065p
O061p,O147p
O061p,O148p
O062p,I263p
O062p,I264a
O062p,I264p
O062p,O059p
O062p,O060p
O062p,O061p
O062p,O063p
O062p,O065p
O062p,O147p
O062p,O148p
O063p,I260a
O063p,I262p
O063p,I264a
O063p,I264p
O063p,I273p
O063p,O060p
O063p,O061p
O063p,O062p
O063p,O065p
O063p,O162p
O064p,O045p
O064p,O046p
O064p,O052p
O064p,O055p
O064p,O056p
O064p,O059p
O064p,O061p
O064p,O065p
O064p,O147p
O064p,O150p
O065p,O052p
O065p,O059p
O065p,O060p
O065p,O061p
O065p,O062p
O065p,O064p
O065p,O147p
O065p,O148p
O065p,O150p
O065p,O158p
O077p,O002p
O077p,O004p
O077p,O005p
O077p,O006p
O077p,O011p
O077p,O012p
O077p,O080p
O077p,O081p
O077p,O082p
O077p,O083p
O080p,O002p
O080p,O005p
O080p,O006p
O080p,O011p
O080p,O012p
O080p,O077p
O080p,O082p
O080p,O083p
O080p,O098p
O080p,O181p
O081p,N043p
O081p,N085p
O081p,N091p
O081p,N141p
O081p,O004p
O081p,O005p
O081p,O077p
O081p,O082p
O081p,O083p
O081p,O179p
O082p,N085p
O082p,N091p
O082p,O004p
O082p,O005p
O082p,O077p
O082p,O080p
O082p,O081p
O082p,O083p
O082p,O179p
O082p,O181p
O083p,O077p
O083p,O080p
O083p,O081p
O083p,O082p
O083p,O179p
O083p,O181p
O083p,O184p
O083p,O186p
O083p,O187p
O083p,O191p
O084p,O011p
O084p,O014p
O084p,O016p
O084p,O019a
O084p,O085p
O084p,O090p
O084p,O091p
O084p,O095p
O084p,O098p
O084p,O195p
O085p,O018p
O085p,O019a
O085p,O019p
O085p,O020p
O085p,O084p
O085p,O086p
O085p,O090p
O085p,O091p
O085p,O097p
O085p,O101p
O086p,O019p
O086p,O020p
O086p,O031p
O086p,O033p
O086p,O085p
O086p,O090p
O086p,O091p
O086p,O101p
O086p,O104p
O086p,O123p
O090p,O018p
O090p,O019a
O090p,O084p
O090p,O085p
O090p,O086p
O090p,O091p
O090p,O097p
O090p,O101p
O090p,O196p
O090p,O197p
O091p,O018p
O091p,O019a
O091p,O019p
O091p,O020p
O091p,O085p
O091p,O086p
O091p,O090p
O091p,O097p
O091p,O101p
O091p,O197p
O095p,O084p
O095p,O097p
O095p,O098p
O095p,O181p
O095p,O184p
O095p,O195p
O095p,O196p
O095p,O198p
O095p,O199p
O095p,O200p
O097p,O085p
O097p,O090p
O097p,O091p
O097p,O101p
O097p,O195p
O097p,O196p
O097p,O197p
O097p,O198p
O097p,O202p
O097p,O203p
O098p,O006p
O098p,O011p
O098p,O012p
O098p,O080p
O098p,O083p
O098p,O084p
O098p,O095p
O098p,O181p
O098p,O184p
O098p,O195p
O101p,O085p
O101p,O086p
O101p,O090p
O101p,O091p
O101p,O097p
O101p,O123p
O101p,O124p
O101p,O197p
O101p,O202p
O101p,O203p
O104p,O020p
O104p,O031p
O104p,O033p
O104p,O086p
O104p,O106p
O104p,O113p
O104p,O114p
O104p,O115p
O104p,O119p
O104p,O124p
O106p,O030p
O106p,O031p
O106p,O036p
O106p,O104p
O106p,O113p
O106p,O114p
O106p,O115p
O106p,O117p
O106p,O119p
O106p,O120p
O113p,O104p
O113p,O106p
O113p,O114p
O113p,O115p
O113p,O117p
O113p,O119p
O113p,O120p
O113p,O123p
O113p,O124p
O113p,O125p
O114p,O104p
O114p,O106p
O114p,O113p
O114p,O115p
O114p,O119p
O114p,O120p
O114p,O123p
O114p,O124p
O114p,O125p
O114p,O205p
O115p,O104p
O115p,O106p
O115p,O113p
O115p,O114p
O115p,O117p
O115p,O119p
O115p,O120p
O115p,O122p
O115p,O124p
O115p,O125p
O117p,O030p
O117p,O036p
O117p,O047p
O117p,O106p
O117p,O113p
O117p,O115p
O117p,O120p
O117p,O122p
O117p,O208p
O117p,O209p
O119p,O104p
O119p,O106p
O119p,O113p
O119p,O114p
O119p,O115p
O119p,O120p
O119p,O123p
O119p,O124p
O119p,O125p
O119p,O205p
O120p,O106p
O120p,O113p
O120p,O114p
O120p,O115p
O120p,O117p
O120p,O119p
O120p,O122p
O120p,O124p
O120p,O125p
O120p,O208p
O122p,O047p
O122p,O113p
O122p,O115p
O122p,O117p
O122p,O120p
O122p,O143p
O122p,O208p
O122p,O209p
O122p,O211p
O122p,O216p
O123p,O086p
O123p,O101p
O123p,O104p
O123p,O114p
O123p,O119p
O123p,O124p
O123p,O125p
O123p,O197p
O123p,O203p
O123p,O205p
O124p,O101p
O124p,O104p
O124p,O113p
O124p,O114p
O124p,O115p
O124p,O119p
O124p,O120p
O124p,O123p
O124p,O125p
O124p,O205p
O125p,O104p
O125p,O113p
O125p,O114p
O125p,O115p
O125p,O119p
O125p,O120p
O125p,O123p
O125p,O124p
O125p,O205p
O125p,O208p
O133p,O042p
O133p,O047p
O133p,O048p
O133p,O049p
O133p,O053p
O133p,O054p
O133p,O055p
O133p,O143p
O133p,O144p
O133p,O217p
O143p,O117p
O143p,O122p
O143p,O133p
O143p,O144p
O143p,O209p
O143p,O216p
O143p,O217p
O143p,O220p
O143p,O222p
O143p,O228p
O144p,O054p
O144p,O056p
O144p,O133p
O144p,O143p
O144p,O150p
O144p,O152p
O144p,O217p
O144p,O220p
O144p,O222p
O144p,O226p
O147p,O052p
O147p,O056p
O147p,O059p
O147p,O061p
O147p,O064p
O147p,O065p
O147p,O148p
O147p,O150p
O147p,O152p
O147p,O158p
O148p,O060p
O148p,O061p
O148p,O062p
O148p,O063p
O148p,O064p
O148p,O065p
O148p,O147p
O148p,O150p
O148p,O152p
O148p,O158p
O150p,O052p
O150p,O056p
O150p,O064p
O150p,O065p
O150p,O144p
O150p,O147p
O150p,O148p
O150p,O152p
O150p,O158p
O150p,O220p
O152p,O056p
O152p,O064p
O152p,O065p
O152p,O144p
O152p,O147p
O152p,O148p
O152p,O150p
O152p,O158p
O152p,O220p
O152p,O226p
O158p,O064p
O158p,O065p
O158p,O147p
O158p,O148p
O158p,O150p
O158p,O152p
O158p,O160a
O158p,O220p
O158p,O226p
O158p,O243p
O160a,O148p
O160a,O158p
O160a,O162p
O160a,O166p
O160a,O168p
O160a,O243p
O160a,O244p
O160a,O247b
O160a,O247p
O160a,O253p
O162p,I273p
O162p,O062p
O162p,O063p
O162p,O160a
O162p,O166p
O162p,O168p
O162p,O174p
O162p,O177p
O162p,O247b
O162p,O247p
O166p,O063p
O166p,O148p
O166p,O160a
O166p,O162p
O166p,O168p
O166p,O177p
O166p,O244p
O166p,O247b
O166p,O247p
O166p,O253p
O168p,O160a
O168p,O162p
O168p,O166p
O168p,O174p
O168p,O177p
O168p,O247b
O168p,O247p
O168p,O250p
O168p,O255p
O168p,P004p
O174p,O168p
O174p,O177p
O174p,O247b
O174p,O247p
O174p,O250p
O174p,O255p
O174p,P002p
O174p,P004p
O174p,P010p
O174p,P060a
O177p,O160a
O177p,O162p
O177p,O166p
O177p,O168p
O177p,O174p
O177p,O247b
O177p,O247p
O177p,O250p
O177p,O253p
O177p,O255p
O179p,N085p
O179p,N091p
O179p,N141p
O179p,N142p
O179p,N146p
O179p,O081p
O179p,O082p
O179p,O083p
O179p,O186p
O179p,O190p
O181p,O080p
O181p,O083p
O181p,O095p
O181p,O098p
O181p,O184p
O181p,O186p
O181p,O187p
O181p,O191p
O181p,O192p
O181p,O199p
O184p,O083p
O184p,O095p
O184p,O098p
O184p,O181p
O184p,O186p
O184p,O187p
O184p,O192p
O184p,O195p
O184p,O199p
O184p,O200p
O186p,O082p
O186p,O083p
O186p,O179p
O186p,O181p
O186p,O184p
O186p,O187p
O186p,O190p
O186p,O191p
O186p,O192p
O186p,O199p
O187p,O083p
O187p,O181p
O187p,O184p
O187p,O186p
O187p,O190p
O187p,O191p
O187p,O192p
O187p,O195p
O187p,O199p
O187p,O200p
O190p,N146p
O190p,O082p
O190p,O083p
O190p,O179p
O190p,O181p
O190p,O184p
O190p,O186p
O190p,O187p
O190p,O191p
O190p,O192p
O191p,O082p
O191p,O083p
O191p,O179p
O191p,O181p
O191p,O184p
O191p,O186p
O191p,O187p
O191p,O190p
O191p,O192p
O191p,O199p
O192p,O095p
O192p,O181p
O192p,O184p
O192p,O186p
O192p,O187p
O192p,O191p
O192p,O195p
O192p,O199p
O192p,O200p
O192p,O201p
O195p,O095p
O195p,O097p
O195p,O184p
O195p,O196p
O195p,O197p
O195p,O198p
O195p,O199p
O195p,O200p
O195p,O201p
O195p,O202p
O196p,O095p
O196p,O097p
O196p,O195p
O196p,O197p
O196p,O198p
O196p,O199p
O196p,O200p
O196p,O201p
O196p,O202p
O196p,O203p
O197p,O091p
O197p,O097p
O197p,O101p
O197p,O123p
O197p,O195p
O197p,O196p
O197p,O198p
O197p,O201p
O197p,O202p
O197p,O203p
O198p,O095p
O198p,O097p
O198p,O195p
O198p,O196p
O198p,O197p
O198p,O199p
O198p,O200p
O198p,O201p
O198p,O202p
O198p,O203p
O199p,O095p
O199p,O181p
O199p,O184p
O199p,O187p
O199p,O192p
O199p,O195p
O199p,O196p
O199p,O198p
O199p,O200p
O199p,O201p
O200p,O095p
O200p,O184p
O200p,O187p
O200p,O192p
O200p,O195p
O200p,O196p
O200p,O198p
O200p,O199p
O200p,O201p
O200p,O202p
O201p,O097p
O201p,O195p
O201p,O196p
O201p,O197p
O201p,O198p
O201p,O199p
O201p,O200p
O201p,O202p
O201p,O203p
O201p,O265p
O202p,O097p
O202p,O101p
O202p,O195p
O202p,O196p
O202p,O197p
O202p,O198p
O202p,O201p
O202p,O203a
O202p,O203p
O202p,O265p
O203a,O101p
O203a,O123p
O203a,O124p
O203a,O125p
O203a,O197p
O203a,O201p
O203a,O202p
O203a,O203p
O203a,O205p
O203a,O265p
O203p,O097p
O203p,O101p
O203p,O123p
O203p,O196p
O203p,O197p
O203p,O198p
O203p,O201p
O203p,O202p
O203p,O203a
O203p,O205p
O205p,O101p
O205p,O114p
O205p,O119p
O205p,O120p
O205p,O123p
O205p,O124p
O205p,O125p
O205p,O203a
O205p,O203p
O205p,O208p
O208p,O115p
O208p,O119p
O208p,O120p
O208p,O122p
O208p,O125p
O208p,O209p
O208p,O211p
O208p,O212p
O208p,O213p
O208p,O216p
O209p,O117p
O209p,O122p
O209p,O208p
O209p,O211p
O209p,O212p
O209p,O213p
O209p,O216p
O209p,O217p
O209p,O228p
O209p,O229p
O211p,O117p
O211p,O120p
O211p,O122p
O211p,O208p
O211p,O209p
O211p,O212p
O211p,O213p
O211p,O216p
O211p,O228p
O211p,O229p
O212p,O120p
O212p,O122p
O212p,O208p
O212p,O209p
O212p,O211p
O212p,O213p
O212p,O216p
O212p,O222p
O212p,O228p
O212p,O229p
O213p,O122p
O213p,O208p
O213p,O209p
O213p,O211p
O213p,O212p
O213p,O216p
O213p,O217p
O213p,O222p
O213p,O228p
O213p,O229p
O216p,O143p
O216p,O208p
O216p,O209p
O216p,O211p
O216p,O212p
O216p,O213p
O216p,O217p
O216p,O222p
O216p,O228p
O216p,O229p
O217p,O133p
O217p,O143p
O217p,O144p
O217p,O209p
O217p,O216p
O217p,O220p
O217p,O222p
O217p,O228p
O217p,O229p
O217p,O271p
O220p,O143p
O220p,O144p
O220p,O150p
O220p,O152p
O220p,O158p
O220p,O217p
O220p,O222p
O220p,O226p
O220p,O228p
O220p,O271p
O222p,O143p
O222p,O144p
O222p,O209p
O222p,O213p
O222p,O216p
O222p,O217p
O222p,O220p
O222p,O228p
O222p,O229p
O222p,O271p
O226p,O143p
O226p,O144p
O226p,O150p
O226p,O152p
O226p,O158p
O226p,O217p
O226p,O220p
O226p,O222p
O226p,O228p
O226p,O271p
O228p,O143p
O228p,O209p
O228p,O211p
O228p,O212p
O228p,O213p
O228p,O216p
O228p,O217p
O228p,O222p
O228p,O229p
O228p,O271p
O229p,O143p
O229p,O208p
O229p,O209p
O229p,O211p
O229p,O212p
O229p,O213p
O229p,O216p
O229p,O217p
O229p,O222p
O229p,O228p
O243p,O152p
O243p,O158p
O243p,O160a
O243p,O166p
O243p,O244p
O243p,O247p
O243p,O250p
O243p,O253p
O243p,O286p
O243p,O290p
O244p,O160a
O244p,O166p
O244p,O243p
O244p,O247b
O244p,O247p
O244p,O250p
O244p,O253p
O244p,O255p
O244p,O286p
O244p,O290p
O247b,O160a
O247b,O166p
O247b,O168p
O247b,O174p
O247b,O177p
O247b,O247p
O247b,O250p
O247b,O253p
O247b,O255p
O247b,O286p
O247p,O160a
O247p,O166p
O247p,O168p
O247p,O177p
O247p,O244p
O247p,O247b
O247p,O250p
O247p,O253p
O247p,O255p
O247p,O286p
O250p,O168p
O250p,O177p
O250p,O244p
O250p,O247b
O250p,O247p
O250p,O253p
O250p,O255p
O250p,O286p
O250p,O289p
O250p,O290p
O253p,O160a
O253p,O166p
O253p,O243p
O253p,O244p
O253p,O247b
O253p,O247p
O253p,O250p
O253p,O255p
O253p,O286p
O253p,O290p
O255p,O174p
O255p,O177p
O255p,O244p
O255p,O247b
O255p,O247p
O255p,O250p
O255p,O253p
O255p,O286p
O255p,O289p
O255p,O290p
O265p,O196p
O265p,O197p
O265p,O198p
O265p,O199p
O265p,O200p
O265p,O201p
O265p,O202p
O265p,O203a
O265p,O203p
O265p,O205p
O271p,O143p
O271p,O144p
O271p,O213p
O271p,O216p
O271p,O217p
O271p,O220p
O271p,O222p
O271p,O226p
O271p,O228p
O271p,O229p
O286p,O177p
O286p,O243p
O286p,O244p
O286p,O247b
O286p,O247p
O286p,O250p
O286p,O253p
O286p,O255p
O286p,O289p
O286p,O290p
O289p,O174p
O289p,O177p
O289p,O244p
O289p,O247b
O289p,O247p
O289p,O250p
O289p,O253p
O289p,O255p
O289p,O286p
O289p,O290p
O290p,O177p
O290p,O243p
O290p,O244p
O290p,O247b
O290p,O247p
O290p,O250p
O290p,O253p
O290p,O255p
O290p,O286p
O290p,O289p
P002p,I274p
P002p,I275p
P002p,K287p
P002p,K321p
P002p,K322p
P002p,K329p
P002p,O174p
P002p,P004p
P002p,P010p
P002p,P060a
P004p,I275p
P004p,K321p
P004p,K322p
P004p,K329p
P004p,O168p
P004p,O174p
P004p,P002p
P004p,P010p
P004p,P060a
P004p,P063p
P010p,I275p
P010p,K322p
P010p,K329p
P010p,K330p
P010p,O174p
P010p,P002p
P010p,P004p
P010p,P018p
P010p,P060a
P010p,P063p
P018p,K329p
P018p,K330p
P018p,K331p
P018p,K338p
P018p,P010p
P018p,P021p
P018p,P022p
P018p,P060a
P018p,P063p
P018p,P088p
P021p,K330p
P021p,K331p
P021p,K338p
P021p,K341p
P021p,P018p
P021p,P022p
P021p,P063p
P021p,P086p
P021p,P088p
P021p,P130p
P022p,K292p
P022p,K296p
P022p,K338p
P022p,K340p
P022p,K341p
P022p,P018p
P022p,P021p
P022p,P025p
P022p,P086p
P022p,P088p
P025p,K304p
P025p,K338p
P025p,K340p
P025p,K341p
P025p,P021p
P025p,P022p
P025p,P086p
P025p,P088p
P025p,P103p
P025p,P144p
P041p,K307b
P041p,K307p
P041p,K311a
P041p,K312a
P041p,K312p
P041p,K353p
P041p,P045p
P041p,P107a
P041p,P112p
P041p,P147p
P045p,K311a
P045p,K312a
P045p,K312p
P045p,K353p
P045p,K358p
P045p,K360p
P045p,K361p
P045p,P041p
P045p,P107a
P045p,P112p
P060a,I275p
P060a,K329p
P060a,O168p
P060a,O174p
P060a,O177p
P060a,O247b
P060a,P002p
P060a,P004p
P060a,P010p
P060a,P063p
P063p,K322p
P063p,K329p
P063p,K330p
P063p,O174p
P063p,P002p
P063p,P004p
P063p,P010p
P063p,P018p
P063p,P060a
P063p,P133p
P086p,K338p
P086p,K341p
P086p,P018p
P086p,P021p
P086p,P022p
P086p,P025p
P086p,P088p
P086p,P103p
P086p,P130p
P086p,P144p
P088p,K338p
P088p,K341p
P088p,P018p
P088p,P021p
P088p,P022p
P088p,P025p
P088p,P086p
P088p,P103p
P088p,P130p
P088p,P133p
P103p,P022p
P103p,P025p
P103p,P086p
P103p,P088p
P103p,P112p
P103p,P130p
P103p,P144p
P103p,P147p
P103p,P152p
P103p,P168p
P107a,K353p
P107a,K358p
P107a,P041p
P107a,P045p
P107a,P112p
P107a,P147p
P107a,P168p
P107a,P176p
P107a,P188p
P107a,Q002p
P112p,K353p
P112p,P041p
P112p,P045p
P112p,P107a
P112p,P144p
P112p,P147p
P112p,P152p
P112p,P168p
P112p,P176p
P112p,P188p
P130p,K341p
P130p,P018p
P130p,P021p
P130p,P022p
P130p,P063p
P130p,P086p
P130p,P088p
P130p,P103p
P130p,P133p
P130p,P144p
P133p,O174p
P133p,O289p
P133p,P004p
P133p,P010p
P133p,P018p
P133p,P021p
P133p,P060a
P133p,P063p
P133p,P088p
P133p,P130p
P144p,P025p
P144p,P041p
P144p,P086p
P144p,P088p
P144p,P103p
P144p,P112p
P144p,P130p
P144p,P147p
P144p,P152p
P144p,P168p
P147p,P025p
P147p,P041p
P147p,P045p
P147p,P103p
P147p,P107a
P147p,P112p
P147p,P144p
P147p,P152p
P147p,P168p
P147p,P176p
P152p,P025p
P152p,P041p
P152p,P086p
P152p,P088p
P152p,P103p
P152p,P112p
P152p,P130p
P152p,P144p
P152p,P147p
P152p,P168p
P168p,P041p
P168p,P045p
P168p,P103p
P168p,P107a
P168p,P112p
P168p,P144p
P168p,P147p
P168p,P152p
P168p,P176p
P168p,P188p
P176p,K358p
P176p,K360p
P176p,P041p
P176p,P045p
P176p,P107a
P176p,P112p
P176p,P147p
P176p,P168p
P176p,P188p
P176p,Q002p
P188p,K360p
P188p,K361p
P188p,P045p
P188p,P107a
P188p,P112p
P188p,P176p
P188p,Q001p
P188p,Q002p
P188p,Q077p
P188p,Q162p
Q001p,K317p
Q001p,K358p
Q001p,K360p
Q001p,K361p
Q001p,L352p
Q001p,L413p
Q001p,L414p
Q001p,Q002p
Q001p,Q003p
Q001p,Q077p
Q002p,K358p
Q002p,K360p
Q002p,K361p
Q002p,L413p
Q002p,L414p
Q002p,P107a
Q002p,P188p
Q002p,Q001p
Q002p,Q003p
Q002p,Q077p
Q003p,L364p
Q003p,L413p
Q003p,L414p
Q003p,Q001p
Q003p,Q002p
Q003p,Q077p
Q003p,Q086p
Q003p,Q096c
Q003p,Q162p
Q003p,Q170p
Q009p,L319p
Q009p,L360p
Q009p,L364p
Q009p,L372p
Q009p,Q003p
Q009p,Q013p
Q009p,Q086p
Q009p,Q095p
Q009p,Q096c
Q009p,Q170p
Q013p,L319p
Q013p,L360p
Q013p,L372p
Q013p,Q003p
Q013p,Q009p
Q013p,Q077p
Q013p,Q086p
Q013p,Q095p
Q013p,Q096c
Q013p,Q170p
Q077p,L414p
Q077p,P188p
Q077p,Q001p
Q077p,Q002p
Q077p,Q003p
Q077p,Q086p
Q077p,Q095p
Q077p,Q096c
Q077p,Q162p
Q077p,Q170p
Q086p,L364p
Q086p,Q001p
Q086p,Q003p
Q086p,Q009p
Q086p,Q013p
Q086p,Q077p
Q086p,Q095p
Q086p,Q096c
Q086p,Q162p
Q086p,Q170p
Q095p,L364p
Q095p,L372p
Q095p,Q003p
Q095p,Q009p
Q095p,Q013p
Q095p,Q077p
Q095p,Q086p
Q095p,Q096c
Q095p,Q162p
Q095p,Q170p
Q096c,L360p
Q096c,L364p
Q096c,L372p
Q096c,Q003p
Q096c,Q009p
Q096c,Q013p
Q096c,Q077p
Q096c,Q086p
Q096c,Q095p
Q096c,Q170p
Q162p,L414p
Q162p,P188p
Q162p,Q001p
Q162p,Q002p
Q162p,Q003p
Q162p,Q077p
Q162p,Q086p
Q162p,Q095p
Q162p,Q096c
Q162p,Q170p
Q170p,Q001p
Q170p,Q002p
Q170p,Q003p
Q170p,Q009p
Q170p,Q013p
Q170p,Q077p
Q170p,Q086p
Q170p,Q095p
Q170p,Q096c
Q170p,Q162p
R002p,H075p
R002p,N001a
R002p,N001p
R002p,N003p
R002p,S006p
R002p,S007p
R002p,S008p
R002p,S009p
R002p,S010p
R002p,S012a
S006p,N001a
S006p,N001p
S006p,N048p
S006p,R002p
S006p,S007p
S006p,S008p
S006p,S009p
S006p,S010p
S006p,S012a
S006p,S012p
S007p,N001a
S007p,N001p
S007p,N003p
S007p,N048p
S007p,R002p
S007p,S006p
S007p,S008p
S007p,S009p
S007p,S010p
S007p,S012a
S008p,N001a
S008p,N001p
S008p,N003p
S008p,N048p
S008p,R002p
S008p,S006p
S008p,S007p
S008p,S009p
S008p,S010p
S008p,S012a
S009p,N001a
S009p,N001p
S009p,N003p
S009p,N007p
S009p,N048p
S009p,S006p
S009p,S007p
S009p,S008p
S009p,S010p
S009p,S012a
S010p,N048p
S010p,S006p
S010p,S007p
S010p,S008p
S010p,S009p
S010p,S012a
S010p,S012p
S010p,S014a
S010p,S014p
S010p,S015p
S012a,N001p
S012a,N003p
S012a,N048p
S012a,S006p
S012a,S007p
S012a,S008p
S012a,S009p
S012a,S010p
S012a,S014a
S012a,S015p
S012p,S006p
S012p,S007p
S012p,S009p
S012p,S010p
S012p,S012a
S012p,S014a
S012p,S014p
S012p,S015p
S012p,S017p
S012p,S019p
S014a,N048p
S014a,N054p
S014a,S010p
S014a,S012a
S014a,S014p
S014a,S015p
S014a,S017p
S014a,S019p
S014a,S020a
S014a,S020p
S014p,S010p
S014p,S012a
S014p,S012p
S014p,S014a
S014p,S015p
S014p,S017p
S014p,S019p
S014p,S020a
S014p,S020p
S014p,S021a
S015p,N048p
S015p,N051p
S015p,N054p
S015p,S009p
S015p,S012a
S015p,S014a
S015p,S014p
S015p,S019p
S015p,S020a
S015p,S020p
S017p,S012a
S017p,S012p
S017p,S014a
S017p,S014p
S017p,S015p
S017p,S019p
S017p,S020a
S017p,S020p
S017p,S021a
S017p,S022p
S019p,N054p
S019p,S012a
S019p,S014a
S019p,S014p
S019p,S015p
S019p,S017p
S019p,S020a
S019p,S020p
S019p,S021a
S019p,S022p
S020a,N054p
S020a,N092p
S020a,N095p
S020a,S014a
S020a,S015p
S020a,S017p
S020a,S019p
S020a,S020p
S020a,S021a
S020a,S022p
S020p,N048p
S020p,N054p
S020p,N092p
S020p,S014a
S020p,S015p
S020p,S017p
S020p,S019p
S020p,S020a
S020p,S021a
S020p,S022p
S021a,N054p
S021a,N095p
S021a,S014a
S021a,S014p
S021a,S015p
S021a,S017p
S021a,S019p
S021a,S020a
S021a,S020p
S021a,S022p
S022p,N054p
S022p,N095p
S022p,S014a
S022p,S014p
S022p,S015p
S022p,S017p
S022p,S019p
S022p,S020a
S022p,S020p
S022p,S021a
